"Sample"	"i7"	"i7seq"	"i5"	"i5seq"
"BIE002"	"N701"	"TCGCCTTA"	"S502"	"CTCTCTAT"
"BRZ001"	"N701"	"TCGCCTTA"	"S503"	"TATCCTCT"
"THU001"	"N701"	"TCGCCTTA"	"S505"	"GTAAGGAG"
"WAL003"	"N701"	"TCGCCTTA"	"S506"	"ACTGCATA"
"LAN005"	"N701"	"TCGCCTTA"	"S507"	"AAGGAGTA"
"SUO001"	"N701"	"TCGCCTTA"	"S508"	"CTAAGCCT"
"BRZ004"	"N701"	"TCGCCTTA"	"S510"	"CGTCTAAT"
"THU002"	"N701"	"TCGCCTTA"	"S511"	"TCTCTCCG"
"LAN098"	"N701"	"TCGCCTTA"	"S513"	"TCGACTAG"
"SUO095"	"N701"	"TCGCCTTA"	"S515"	"TTCTAGCT"
"BRZ115"	"N701"	"TCGCCTTA"	"S516"	"CCTAGAGT"
"THU119"	"N701"	"TCGCCTTA"	"S517"	"GCGTAAGA"
"WAL079"	"N701"	"TCGCCTTA"	"S518"	"CTATTAAG"
"LAN099"	"N701"	"TCGCCTTA"	"S520"	"AAGGCTAT"
"LAN017"	"N702"	"CTAGTACG"	"S502"	"CTCTCTAT"
"SUO002"	"N702"	"CTAGTACG"	"S503"	"TATCCTCT"
"BIE004"	"N702"	"CTAGTACG"	"S505"	"GTAAGGAG"
"BRZ005"	"N702"	"CTAGTACG"	"S506"	"ACTGCATA"
"THU004"	"N702"	"CTAGTACG"	"S507"	"AAGGAGTA"
"WAL004"	"N702"	"CTAGTACG"	"S508"	"CTAAGCCT"
"LAN018"	"N702"	"CTAGTACG"	"S510"	"CGTCTAAT"
"SUO003"	"N702"	"CTAGTACG"	"S511"	"TCTCTCCG"
"THU120"	"N702"	"CTAGTACG"	"S513"	"TCGACTAG"
"LAN102"	"N702"	"CTAGTACG"	"S515"	"TTCTAGCT"
"SUO099"	"N702"	"CTAGTACG"	"S516"	"CCTAGAGT"
"THU124"	"N702"	"CTAGTACG"	"S517"	"GCGTAAGA"
"WAL084"	"N702"	"CTAGTACG"	"S518"	"CTATTAAG"
"LAN103"	"N702"	"CTAGTACG"	"S520"	"AAGGCTAT"
"BRZ006"	"N703"	"TTCTGCCT"	"S502"	"CTCTCTAT"
"THU005"	"N703"	"TTCTGCCT"	"S503"	"TATCCTCT"
"LAN019"	"N703"	"TTCTGCCT"	"S505"	"GTAAGGAG"
"SUO004"	"N703"	"TTCTGCCT"	"S506"	"ACTGCATA"
"BIE005"	"N703"	"TTCTGCCT"	"S507"	"AAGGAGTA"
"BRZ008"	"N703"	"TTCTGCCT"	"S508"	"CTAAGCCT"
"THU007"	"N703"	"TTCTGCCT"	"S510"	"CGTCTAAT"
"WAL006"	"N703"	"TTCTGCCT"	"S511"	"TCTCTCCG"
"THU127"	"N703"	"TTCTGCCT"	"S513"	"TCGACTAG"
"LAN111"	"N703"	"TTCTGCCT"	"S515"	"TTCTAGCT"
"SUO101"	"N703"	"TTCTGCCT"	"S516"	"CCTAGAGT"
"THU128"	"N703"	"TTCTGCCT"	"S517"	"GCGTAAGA"
"WAL086"	"N703"	"TTCTGCCT"	"S518"	"CTATTAAG"
"LAN113"	"N703"	"TTCTGCCT"	"S520"	"AAGGCTAT"
"LAN022"	"N704"	"GCTCAGGA"	"S502"	"CTCTCTAT"
"SUO005"	"N704"	"GCTCAGGA"	"S503"	"TATCCTCT"
"BRZ011"	"N704"	"GCTCAGGA"	"S505"	"GTAAGGAG"
"THU010"	"N704"	"GCTCAGGA"	"S506"	"ACTGCATA"
"LAN029"	"N704"	"GCTCAGGA"	"S507"	"AAGGAGTA"
"SUO006"	"N704"	"GCTCAGGA"	"S508"	"CTAAGCCT"
"BIE006"	"N704"	"GCTCAGGA"	"S510"	"CGTCTAAT"
"BRZ013"	"N704"	"GCTCAGGA"	"S511"	"TCTCTCCG"
"THU143"	"N704"	"GCTCAGGA"	"S513"	"TCGACTAG"
"LAN114"	"N704"	"GCTCAGGA"	"S515"	"TTCTAGCT"
"SUO104"	"N704"	"GCTCAGGA"	"S516"	"CCTAGAGT"
"THU164"	"N704"	"GCTCAGGA"	"S517"	"GCGTAAGA"
"WAL088"	"N704"	"GCTCAGGA"	"S518"	"CTATTAAG"
"LAN115"	"N704"	"GCTCAGGA"	"S520"	"AAGGCTAT"
"THU011"	"N705"	"AGGAGTCC"	"S502"	"CTCTCTAT"
"WAL007"	"N705"	"AGGAGTCC"	"S503"	"TATCCTCT"
"LAN033"	"N705"	"AGGAGTCC"	"S505"	"GTAAGGAG"
"SUO009"	"N705"	"AGGAGTCC"	"S506"	"ACTGCATA"
"BRZ014"	"N705"	"AGGAGTCC"	"S507"	"AAGGAGTA"
"THU014"	"N705"	"AGGAGTCC"	"S508"	"CTAAGCCT"
"LAN038"	"N705"	"AGGAGTCC"	"S510"	"CGTCTAAT"
"SUO011"	"N705"	"AGGAGTCC"	"S511"	"TCTCTCCG"
"THU165"	"N705"	"AGGAGTCC"	"S513"	"TCGACTAG"
"LAN117"	"N705"	"AGGAGTCC"	"S515"	"TTCTAGCT"
"SUO108"	"N705"	"AGGAGTCC"	"S516"	"CCTAGAGT"
"THU168"	"N705"	"AGGAGTCC"	"S517"	"GCGTAAGA"
"SUO111"	"N705"	"AGGAGTCC"	"S518"	"CTATTAAG"
"THU173"	"N705"	"AGGAGTCC"	"S520"	"AAGGCTAT"
"BIE007"	"N706"	"CATGCCTA"	"S502"	"CTCTCTAT"
"BRZ015"	"N706"	"CATGCCTA"	"S503"	"TATCCTCT"
"THU019"	"N706"	"CATGCCTA"	"S505"	"GTAAGGAG"
"WAL009"	"N706"	"CATGCCTA"	"S506"	"ACTGCATA"
"LAN039"	"N706"	"CATGCCTA"	"S507"	"AAGGAGTA"
"SUO012"	"N706"	"CATGCCTA"	"S508"	"CTAAGCCT"
"BRZ019"	"N706"	"CATGCCTA"	"S510"	"CGTCTAAT"
"THU027"	"N706"	"CATGCCTA"	"S511"	"TCTCTCCG"
"SUO112"	"N706"	"CATGCCTA"	"S513"	"TCGACTAG"
"THU177"	"N706"	"CATGCCTA"	"S515"	"TTCTAGCT"
"SUO114"	"N706"	"CATGCCTA"	"S516"	"CCTAGAGT"
"THU179"	"N706"	"CATGCCTA"	"S517"	"GCGTAAGA"
"LAN130"	"N706"	"CATGCCTA"	"S518"	"CTATTAAG"
"SUO115"	"N706"	"CATGCCTA"	"S520"	"AAGGCTAT"
"LAN040"	"N707"	"GTAGAGAG"	"S502"	"CTCTCTAT"
"SUO016"	"N707"	"GTAGAGAG"	"S503"	"TATCCTCT"
"BIE008"	"N707"	"GTAGAGAG"	"S505"	"GTAAGGAG"
"BRZ020"	"N707"	"GTAGAGAG"	"S506"	"ACTGCATA"
"THU038"	"N707"	"GTAGAGAG"	"S507"	"AAGGAGTA"
"WAL010"	"N707"	"GTAGAGAG"	"S508"	"CTAAGCCT"
"LAN041"	"N707"	"GTAGAGAG"	"S510"	"CGTCTAAT"
"SUO019"	"N707"	"GTAGAGAG"	"S511"	"TCTCTCCG"
"SUO116"	"N707"	"GTAGAGAG"	"S513"	"TCGACTAG"
"THU183"	"N707"	"GTAGAGAG"	"S515"	"TTCTAGCT"
"LAN131"	"N707"	"GTAGAGAG"	"S516"	"CCTAGAGT"
"SUO117"	"N707"	"GTAGAGAG"	"S517"	"GCGTAAGA"
"THU185"	"N707"	"GTAGAGAG"	"S518"	"CTATTAAG"
"SUO119"	"N707"	"GTAGAGAG"	"S520"	"AAGGCTAT"
"BRZ021"	"N710"	"CAGCCTCG"	"S502"	"CTCTCTAT"
"THU039"	"N710"	"CAGCCTCG"	"S503"	"TATCCTCT"
"LAN042"	"N710"	"CAGCCTCG"	"S505"	"GTAAGGAG"
"SUO020"	"N710"	"CAGCCTCG"	"S506"	"ACTGCATA"
"BIE028"	"N710"	"CAGCCTCG"	"S507"	"AAGGAGTA"
"BRZ025"	"N710"	"CAGCCTCG"	"S508"	"CTAAGCCT"
"THU056"	"N710"	"CAGCCTCG"	"S510"	"CGTCTAAT"
"WAL014"	"N710"	"CAGCCTCG"	"S511"	"TCTCTCCG"
"LAN132"	"N710"	"CAGCCTCG"	"S513"	"TCGACTAG"
"SUO118"	"N710"	"CAGCCTCG"	"S515"	"TTCTAGCT"
"THU190"	"N710"	"CAGCCTCG"	"S516"	"CCTAGAGT"
"SUO120"	"N710"	"CAGCCTCG"	"S517"	"GCGTAAGA"
"THU197"	"N710"	"CAGCCTCG"	"S518"	"CTATTAAG"
"SUO122"	"N710"	"CAGCCTCG"	"S520"	"AAGGCTAT"
"LAN043"	"N711"	"TGCCTCTT"	"S502"	"CTCTCTAT"
"SUO022"	"N711"	"TGCCTCTT"	"S503"	"TATCCTCT"
"BRZ026"	"N711"	"TGCCTCTT"	"S505"	"GTAAGGAG"
"THU060"	"N711"	"TGCCTCTT"	"S506"	"ACTGCATA"
"LAN044"	"N711"	"TGCCTCTT"	"S507"	"AAGGAGTA"
"SUO023"	"N711"	"TGCCTCTT"	"S508"	"CTAAGCCT"
"BIE030"	"N711"	"TGCCTCTT"	"S510"	"CGTCTAAT"
"BRZ027"	"N711"	"TGCCTCTT"	"S511"	"TCTCTCCG"
"SUO124"	"N711"	"TGCCTCTT"	"S513"	"TCGACTAG"
"THU198"	"N711"	"TGCCTCTT"	"S515"	"TTCTAGCT"
"SUO125"	"N711"	"TGCCTCTT"	"S516"	"CCTAGAGT"
"LAN134"	"N711"	"TGCCTCTT"	"S517"	"GCGTAAGA"
"SUO126"	"N711"	"TGCCTCTT"	"S518"	"CTATTAAG"
"THU199"	"N711"	"TGCCTCTT"	"S520"	"AAGGCTAT"
"THU061"	"N712"	"TCCTCTAC"	"S502"	"CTCTCTAT"
"WAL016"	"N712"	"TCCTCTAC"	"S503"	"TATCCTCT"
"LAN045"	"N712"	"TCCTCTAC"	"S505"	"GTAAGGAG"
"SUO027"	"N712"	"TCCTCTAC"	"S506"	"ACTGCATA"
"BRZ028"	"N712"	"TCCTCTAC"	"S507"	"AAGGAGTA"
"THU066"	"N712"	"TCCTCTAC"	"S508"	"CTAAGCCT"
"LAN047"	"N712"	"TCCTCTAC"	"S510"	"CGTCTAAT"
"SUO030"	"N712"	"TCCTCTAC"	"S511"	"TCTCTCCG"
"ZUR011"	"N712"	"TCCTCTAC"	"S513"	"TCGACTAG"
"SUO127"	"N712"	"TCCTCTAC"	"S515"	"TTCTAGCT"
"ZUR018"	"N712"	"TCCTCTAC"	"S516"	"CCTAGAGT"
"LAN049"	"N712"	"TCCTCTAC"	"S517"	"GCGTAAGA"
"175600"	"N712"	"TCCTCTAC"	"S518"	"CTATTAAG"
"SUO034"	"N712"	"TCCTCTAC"	"S520"	"AAGGCTAT"
"BIE044"	"N714"	"TCATGAGC"	"S502"	"CTCTCTAT"
"BRZ031"	"N714"	"TCATGAGC"	"S503"	"TATCCTCT"
"THU067"	"N714"	"TCATGAGC"	"S505"	"GTAAGGAG"
"WAL021"	"N714"	"TCATGAGC"	"S506"	"ACTGCATA"
"LAN048"	"N714"	"TCATGAGC"	"S507"	"AAGGAGTA"
"SUO031"	"N714"	"TCATGAGC"	"S508"	"CTAAGCCT"
"BRZ033"	"N714"	"TCATGAGC"	"S510"	"CGTCTAAT"
"THU073"	"N714"	"TCATGAGC"	"S511"	"TCTCTCCG"
"BIE045"	"N714"	"TCATGAGC"	"S513"	"TCGACTAG"
"175601"	"N714"	"TCATGAGC"	"S515"	"TTCTAGCT"
"SUO097"	"N714"	"TCATGAGC"	"S516"	"CCTAGAGT"
"175602"	"N714"	"TCATGAGC"	"S517"	"GCGTAAGA"
"BRZ034"	"N714"	"TCATGAGC"	"S518"	"CTATTAAG"
"175603"	"N714"	"TCATGAGC"	"S520"	"AAGGCTAT"
"175620"	"N715"	"CCTGAGAT"	"S522"	"TTATGCGA"
"BRZ039"	"N716"	"TAGCGAGT"	"S502"	"CTCTCTAT"
"THU079"	"N716"	"TAGCGAGT"	"S503"	"TATCCTCT"
"LAN052"	"N716"	"TAGCGAGT"	"S505"	"GTAAGGAG"
"SUO047"	"N716"	"TAGCGAGT"	"S506"	"ACTGCATA"
"BIE048"	"N716"	"TAGCGAGT"	"S507"	"AAGGAGTA"
"BRZ040"	"N716"	"TAGCGAGT"	"S508"	"CTAAGCCT"
"THU080"	"N716"	"TAGCGAGT"	"S510"	"CGTCTAAT"
"WAL024"	"N716"	"TAGCGAGT"	"S511"	"TCTCTCCG"
"175604"	"N716"	"TAGCGAGT"	"S513"	"TCGACTAG"
"SUO100"	"N716"	"TAGCGAGT"	"S515"	"TTCTAGCT"
"175605"	"N716"	"TAGCGAGT"	"S516"	"CCTAGAGT"
"SUO043"	"N716"	"TAGCGAGT"	"S517"	"GCGTAAGA"
"175606"	"N716"	"TAGCGAGT"	"S518"	"CTATTAAG"
"SUO102"	"N716"	"TAGCGAGT"	"S520"	"AAGGCTAT"
"LAN059"	"N718"	"GTAGCTCC"	"S502"	"CTCTCTAT"
"SUO048"	"N718"	"GTAGCTCC"	"S503"	"TATCCTCT"
"BRZ041"	"N718"	"GTAGCTCC"	"S505"	"GTAAGGAG"
"THU081"	"N718"	"GTAGCTCC"	"S506"	"ACTGCATA"
"LAN060"	"N718"	"GTAGCTCC"	"S507"	"AAGGAGTA"
"SUO049"	"N718"	"GTAGCTCC"	"S508"	"CTAAGCCT"
"BIE049"	"N718"	"GTAGCTCC"	"S510"	"CGTCTAAT"
"BRZ044"	"N718"	"GTAGCTCC"	"S511"	"TCTCTCCG"
"THU077"	"N718"	"GTAGCTCC"	"S513"	"TCGACTAG"
"175607"	"N718"	"GTAGCTCC"	"S515"	"TTCTAGCT"
"WAL022"	"N718"	"GTAGCTCC"	"S516"	"CCTAGAGT"
"175608"	"N718"	"GTAGCTCC"	"S517"	"GCGTAAGA"
"SUO105"	"N718"	"GTAGCTCC"	"S518"	"CTATTAAG"
"175609"	"N718"	"GTAGCTCC"	"S520"	"AAGGCTAT"
"THU082"	"N719"	"TACTACGC"	"S502"	"CTCTCTAT"
"WAL030"	"N719"	"TACTACGC"	"S503"	"TATCCTCT"
"LAN061"	"N719"	"TACTACGC"	"S505"	"GTAAGGAG"
"SUO056"	"N719"	"TACTACGC"	"S506"	"ACTGCATA"
"BRZ045"	"N719"	"TACTACGC"	"S507"	"AAGGAGTA"
"THU083"	"N719"	"TACTACGC"	"S508"	"CTAAGCCT"
"LAN062"	"N719"	"TACTACGC"	"S510"	"CGTCTAAT"
"SUO058"	"N719"	"TACTACGC"	"S511"	"TCTCTCCG"
"175610"	"N719"	"TACTACGC"	"S513"	"TCGACTAG"
"LAN119"	"N719"	"TACTACGC"	"S515"	"TTCTAGCT"
"175611"	"N719"	"TACTACGC"	"S516"	"CCTAGAGT"
"THU182"	"N719"	"TACTACGC"	"S517"	"GCGTAAGA"
"175612"	"N719"	"TACTACGC"	"S518"	"CTATTAAG"
"LAN133"	"N719"	"TACTACGC"	"S520"	"AAGGCTAT"
"BIE050"	"N720"	"AGGCTCCG"	"S502"	"CTCTCTAT"
"BRZ046"	"N720"	"AGGCTCCG"	"S503"	"TATCCTCT"
"THU084"	"N720"	"AGGCTCCG"	"S505"	"GTAAGGAG"
"WAL031"	"N720"	"AGGCTCCG"	"S506"	"ACTGCATA"
"LAN063"	"N720"	"AGGCTCCG"	"S507"	"AAGGAGTA"
"SUO059"	"N720"	"AGGCTCCG"	"S508"	"CTAAGCCT"
"BRZ047"	"N720"	"AGGCTCCG"	"S510"	"CGTCTAAT"
"THU086"	"N720"	"AGGCTCCG"	"S511"	"TCTCTCCG"
"THU187"	"N720"	"AGGCTCCG"	"S513"	"TCGACTAG"
"175613"	"N720"	"AGGCTCCG"	"S515"	"TTCTAGCT"
"SUO092"	"N720"	"AGGCTCCG"	"S516"	"CCTAGAGT"
"175614"	"N720"	"AGGCTCCG"	"S517"	"GCGTAAGA"
"LAN135"	"N720"	"AGGCTCCG"	"S518"	"CTATTAAG"
"175615"	"N720"	"AGGCTCCG"	"S520"	"AAGGCTAT"
"LAN064"	"N721"	"GCAGCGTA"	"S502"	"CTCTCTAT"
"SUO060"	"N721"	"GCAGCGTA"	"S503"	"TATCCTCT"
"BIE092"	"N721"	"GCAGCGTA"	"S505"	"GTAAGGAG"
"BRZ052"	"N721"	"GCAGCGTA"	"S506"	"ACTGCATA"
"THU087"	"N721"	"GCAGCGTA"	"S507"	"AAGGAGTA"
"WAL033"	"N721"	"GCAGCGTA"	"S508"	"CTAAGCCT"
"LAN065"	"N721"	"GCAGCGTA"	"S510"	"CGTCTAAT"
"SUO061"	"N721"	"GCAGCGTA"	"S511"	"TCTCTCCG"
"175616"	"N721"	"GCAGCGTA"	"S513"	"TCGACTAG"
"BRZ111"	"N721"	"GCAGCGTA"	"S515"	"TTCTAGCT"
"175617"	"N721"	"GCAGCGTA"	"S516"	"CCTAGAGT"
"THU114"	"N721"	"GCAGCGTA"	"S517"	"GCGTAAGA"
"175618"	"N721"	"GCAGCGTA"	"S518"	"CTATTAAG"
"WAL078"	"N721"	"GCAGCGTA"	"S520"	"AAGGCTAT"
"BRZ054"	"N722"	"CTGCGCAT"	"S502"	"CTCTCTAT"
"THU091"	"N722"	"CTGCGCAT"	"S503"	"TATCCTCT"
"LAN067"	"N722"	"CTGCGCAT"	"S505"	"GTAAGGAG"
"SUO076"	"N722"	"CTGCGCAT"	"S506"	"ACTGCATA"
"BRZ057"	"N722"	"CTGCGCAT"	"S507"	"AAGGAGTA"
"THU097"	"N722"	"CTGCGCAT"	"S508"	"CTAAGCCT"
"WAL036"	"N722"	"CTGCGCAT"	"S510"	"CGTCTAAT"
"LAN071"	"N722"	"CTGCGCAT"	"S511"	"TCTCTCCG"
"LAN097"	"N722"	"CTGCGCAT"	"S513"	"TCGACTAG"
"175619"	"N722"	"CTGCGCAT"	"S515"	"TTCTAGCT"
"SUO094"	"N722"	"CTGCGCAT"	"S516"	"CCTAGAGT"
"THU118"	"N722"	"CTGCGCAT"	"S517"	"GCGTAAGA"
"BRZ114"	"N722"	"CTGCGCAT"	"S518"	"CTATTAAG"
"LAN050"	"N722"	"CTGCGCAT"	"S520"	"AAGGCTAT"
"SUO077"	"N723"	"GAGCGCTA"	"S502"	"CTCTCTAT"
"BRZ066"	"N723"	"GAGCGCTA"	"S503"	"TATCCTCT"
"THU099"	"N723"	"GAGCGCTA"	"S505"	"GTAAGGAG"
"LAN072"	"N723"	"GAGCGCTA"	"S506"	"ACTGCATA"
"SUO080"	"N723"	"GAGCGCTA"	"S507"	"AAGGAGTA"
"BRZ068"	"N723"	"GAGCGCTA"	"S508"	"CTAAGCCT"
"THU104"	"N723"	"GAGCGCTA"	"S510"	"CGTCTAAT"
"WAL040"	"N723"	"GAGCGCTA"	"S511"	"TCTCTCCG"
"BRZ108"	"N723"	"GAGCGCTA"	"S513"	"TCGACTAG"
"THU111"	"N723"	"GAGCGCTA"	"S515"	"TTCTAGCT"
"WAL045"	"N723"	"GAGCGCTA"	"S516"	"CCTAGAGT"
"LAN093"	"N723"	"GAGCGCTA"	"S517"	"GCGTAAGA"
"SUO090"	"N723"	"GAGCGCTA"	"S518"	"CTATTAAG"
"BRZ110"	"N723"	"GAGCGCTA"	"S520"	"AAGGCTAT"
"LAN074"	"N724"	"CGCTCAGT"	"S502"	"CTCTCTAT"
"SUO081"	"N724"	"CGCTCAGT"	"S503"	"TATCCTCT"
"BRZ070"	"N724"	"CGCTCAGT"	"S505"	"GTAAGGAG"
"THU106"	"N724"	"CGCTCAGT"	"S506"	"ACTGCATA"
"LAN087"	"N724"	"CGCTCAGT"	"S507"	"AAGGAGTA"
"SUO082"	"N724"	"CGCTCAGT"	"S508"	"CTAAGCCT"
"BRZ071"	"N724"	"CGCTCAGT"	"S510"	"CGTCTAAT"
"THU107"	"N724"	"CGCTCAGT"	"S511"	"TCTCTCCG"
"THU113"	"N724"	"CGCTCAGT"	"S513"	"TCGACTAG"
"LAN095"	"N724"	"CGCTCAGT"	"S515"	"TTCTAGCT"
"WAL041"	"N726"	"GTCTTAGG"	"S502"	"CTCTCTAT"
"LAN088"	"N726"	"GTCTTAGG"	"S503"	"TATCCTCT"
"SUO083"	"N726"	"GTCTTAGG"	"S505"	"GTAAGGAG"
"BRZ083"	"N726"	"GTCTTAGG"	"S506"	"ACTGCATA"
"THU108"	"N726"	"GTCTTAGG"	"S507"	"AAGGAGTA"
"LAN089"	"N726"	"GTCTTAGG"	"S508"	"CTAAGCCT"
"SUO084"	"N726"	"GTCTTAGG"	"S510"	"CGTCTAAT"
"BRZ099"	"N726"	"GTCTTAGG"	"S511"	"TCTCTCCG"
"THU109"	"N727"	"ACTGATCG"	"S502"	"CTCTCTAT"
"WAL042"	"N727"	"ACTGATCG"	"S503"	"TATCCTCT"
"LAN090"	"N727"	"ACTGATCG"	"S505"	"GTAAGGAG"
"SUO087"	"N727"	"ACTGATCG"	"S506"	"ACTGCATA"
"BRZ107"	"N727"	"ACTGATCG"	"S507"	"AAGGAGTA"
"THU110"	"N727"	"ACTGATCG"	"S508"	"CTAAGCCT"
"LAN092"	"N727"	"ACTGATCG"	"S510"	"CGTCTAAT"
"SUO088"	"N727"	"ACTGATCG"	"S511"	"TCTCTCCG"
"175621"	"N728"	"TAGCTGCA"	"S521"	"GAGCCTTA"
