Fish_code	Lake	Catchment	Region	Date	Fishec_nr	Furka_length	Weight_g	Sex	Age	Tb0_1_2	Ripe	Date_dissect	Condition	GR_morfo	MOL_MORPH_CONSENSUS_ID	Sci_name_CONSENSUS_ID	CN	d13C	d15N
WAL001	Walen	Limmat	Alpine	28.11.17	175900	398	804	M	4	NA	NA	24.01.18	frozen	short	C.duplex	C.duplex	2.95	-30.58	8.94
WAL002	Walen	Limmat	Alpine	28.11.17	175901	362	571	M	4	NA	NA	25.01.18	frozen	short	C.duplex	C.duplex	3.11	-30.62	7.65
WAL003	Walen	Limmat	Alpine	28.11.17	175902	379	667	M	4	NA	NA	25.01.18	frozen	short	C.duplex	C.duplex	2.97	-32.03	8.43
WAL004	Walen	Limmat	Alpine	28.11.17	175903	415	855	M	4	NA	NA	24.01.18	frozen	short	C.duplex	C.duplex	3.05	-30.94	8.89
WAL005	Walen	Limmat	Alpine	28.11.17	175904	334	446	M	5	NA	NA	18.01.18	frozen	short	C.duplex	C.duplex	3.03	-32.78	7.18
WAL006	Walen	Limmat	Alpine	28.11.17	175905	354	474	NA	4	NA	NA	23.01.18	frozen	short	C.duplex	C.duplex	3.07	-31.06	8.01
WAL007	Walen	Limmat	Alpine	28.11.17	175906	380	626	F	4	NA	NA	24.10.18	frozen	short	C.duplex	C.duplex	3.09	-31.39	7.94
WAL008	Walen	Limmat	Alpine	28.11.17	175907	383	696	M	3	NA	NA	17.01.18	frozen	short	C.duplex	C.duplex	3.08	-31.41	8.3
WAL009	Walen	Limmat	Alpine	28.11.17	175908	393	662	M	3	NA	NA	17.01.18	frozen	short	C.duplex	C.duplex	3.1	-31.46	8.78
WAL010	Walen	Limmat	Alpine	28.11.17	175909	410	853	M	5	NA	NA	23.01.18	frozen	NA	C.duplex	C.duplex	3.05	-31.35	8.38
WAL011	Walen	Limmat	Alpine	28.11.17	175910	372	583	M	3	NA	NA	22.01.18	frozen	short	C.duplex	C.duplex	3.09	-31.24	8.07
WAL012	Walen	Limmat	Alpine	28.11.17	175911	322	375	M	4	NA	NA	18.01.18	frozen	short	C.duplex	C.duplex	3.02	-30.88	8.11
WAL013	Walen	Limmat	Alpine	28.11.17	175912	377	649	M	4	NA	NA	17.01.18	frozen	short	C.duplex	C.duplex	2.95	-30.15	7.82
WAL014	Walen	Limmat	Alpine	28.11.17	175913	410	903	F	3	NA	NA	22.01.18	frozen	short	C.duplex	C.duplex	3.1	-32.05	8.56
WAL015	Walen	Limmat	Alpine	28.11.17	175914	380	596	M	4	NA	NA	24.01.18	frozen	short	C.duplex	C.duplex	2.97	-31.02	9.07
WAL016	Walen	Limmat	Alpine	28.11.17	175915	323	399	M	4	NA	NA	18.01.18	frozen	short	C.duplex	C.duplex	3.05	-31.3	7.61
WAL017	Walen	Limmat	Alpine	28.11.17	175916	424	930	M	6	NA	NA	22.01.18	frozen	short	C.duplex	C.duplex	2.93	-30.99	8
WAL018	Walen	Limmat	Alpine	28.11.17	175917	340	448	M	2	NA	NA	18.01.18	frozen	short	C.duplex	C.duplex	3	-32.07	7.49
WAL019	Walen	Limmat	Alpine	28.11.17	175918	329	396	M	4	NA	NA	23.01.18	frozen	short	C.duplex	C.duplex	2.99	-30.56	8.04
WAL020	Walen	Limmat	Alpine	28.11.17	175919	331	461	M	3	NA	NA	18.01.18	frozen	short	C.duplex	C.duplex	2.98	-31.24	8.19
WAL021	Walen	Limmat	Alpine	28.11.17	175920	197	91	M	3	2	5	30.11.17	fresh	long_numerous	C.heglingus	C.heglingus	2.88	-29.68	6.13
WAL022	Walen	Limmat	Alpine	28.11.17	175921	203	95	F	3	0	4	30.01.18	frozen	long_numerous	C.heglingus	C.heglingus	2.91	-30.44	6.47
WAL023	Walen	Limmat	Alpine	28.11.17	175922	195	72	M	2	2	5	31.01.18	frozen	long_numerous	C.heglingus	C.heglingus	3.03	-31.51	8.76
WAL024	Walen	Limmat	Alpine	28.11.17	175923	200	82	F	4	0	4	30.11.17	fresh	long_numerous	C.heglingus	C.heglingus	2.94	-32.69	7.28
WAL025	Walen	Limmat	Alpine	28.11.17	175924	195	84	M	3	2	5	19.01.18	frozen	long_numerous	C.heglingus	C.heglingus	3.04	-30.65	8.27
WAL026	Walen	Limmat	Alpine	28.11.17	175925	184	65	M	2	2	4	30.01.18	frozen	long_numerous	C.heglingus	C.heglingus	2.95	-30.64	9.77
WAL027	Walen	Limmat	Alpine	28.11.17	175926	179	53	F	3	1	4	29.01.18	frozen	long_numerous	C.heglingus	C.heglingus	3.04	-30.97	8.51
WAL028	Walen	Limmat	Alpine	28.11.17	175927	193	61	M	3	2	4	30.11.17	fresh	long_numerous	C.heglingus	C.heglingus	3.08	-30.92	8.05
WAL029	Walen	Limmat	Alpine	28.11.17	175928	177	67	M	3	2	5	30.01.18	frozen	long_numerous	C.heglingus	C.heglingus	2.98	-30.46	8.74
WAL030	Walen	Limmat	Alpine	28.11.17	175929	172	55	M	3	2	6	30.01.18	frozen	long_numerous	C.heglingus	C.heglingus	2.98	-30.51	9.27
WAL031	Walen	Limmat	Alpine	28.11.17	175930	185	69	F	3	1	4	30.01.18	frozen	long_numerous	C.heglingus	C.heglingus	3.04	-31.15	7.42
WAL032	Walen	Limmat	Alpine	28.11.17	175931	194	70	M	2	2	5	29.01.18	frozen	long_numerous	C.heglingus	C.heglingus	3.03	-29.83	7.06
WAL033	Walen	Limmat	Alpine	28.11.17	175932	198	89	F	2	1	4	30.11.17	fresh	long_numerous	C.heglingus	C.heglingus	3.05	-33.69	7.1
WAL034	Walen	Limmat	Alpine	28.11.17	175933	175	57	F	2	2	6	01.02.18	frozen	long_numerous	C.heglingus	C.heglingus	3.03	-30.75	8.53
WAL035	Walen	Limmat	Alpine	28.11.17	175934	174	66	F	3	1	6	30.11.17	fresh	long_numerous	C.heglingus	C.heglingus	3.1	-30.94	7.98
WAL036	Walen	Limmat	Alpine	28.11.17	175935	185	64	M	3	0	4	30.01.18	frozen	long_numerous	C.heglingus	C.heglingus	3.01	-31.83	8.2
WAL037	Walen	Limmat	Alpine	28.11.17	175936	179	58	M	1	2	6	19.01.18	frozen	long_numerous	C.heglingus	C.heglingus	2.95	-30.56	9.18
WAL038	Walen	Limmat	Alpine	28.11.17	175937	183	59	M	3	2	6	29.01.18	frozen	long_numerous	C.heglingus	C.heglingus	3.11	-30.94	8.41
WAL039	Walen	Limmat	Alpine	28.11.17	175938	197	68	M	3	2	5	29.01.18	frozen	long_numerous	C.heglingus	C.heglingus	3.05	-29.86	7.43
WAL040	Walen	Limmat	Alpine	28.11.17	175939	174	55	M	3	1	5	19.01.18	frozen	long_numerous	C.heglingus	C.heglingus	3.04	-30.95	8.5
WAL041	Walen	Limmat	Alpine	28.11.17	175940	184	63	M	2	2	5	31.01.18	frozen	long_numerous	C.heglingus	C.heglingus	3.09	-30.56	8.82
WAL042	Walen	Limmat	Alpine	28.11.17	175941	169	50	F	4	1	6	19.01.18	frozen	long_numerous	C.heglingus	C.heglingus	3.02	-29.08	7.91
WAL043	Walen	Limmat	Alpine	28.11.17	175942	172	52	M	3	1	4	30.01.18	frozen	long_numerous	C.heglingus	C.heglingus	2.92	-30.41	8.41
WAL044	Walen	Limmat	Alpine	28.11.17	175943	174	59	M	3	2	6	31.01.18	frozen	long_numerous	C.heglingus	C.heglingus	3.04	-30.8	9.33
WAL045	Walen	Limmat	Alpine	28.11.17	175944	176	53	M	2	2	4	29.01.18	frozen	long_numerous	C.heglingus	C.heglingus	2.98	-30.61	9.45
WAL046	Walen	Limmat	Alpine	28.11.17	175945	162	50	M	3	1	4	19.01.18	frozen	long_numerous	C.heglingus	C.heglingus	3.2	-30.46	8.97
WAL047	Walen	Limmat	Alpine	28.11.17	175946	168	47	F	1	1	4	31.01.18	frozen	long_numerous	C.heglingus	C.heglingus	3.02	-30.67	8.62
WAL048	Walen	Limmat	Alpine	28.11.17	175947	171	55	M	1	2	4	29.01.18	frozen	long_numerous	C.heglingus	C.heglingus	2.97	-30.91	9.31
WAL049	Walen	Limmat	Alpine	28.11.17	175948	170	49	M	3	2	4	31.01.18	frozen	long_numerous	C.heglingus	C.heglingus	3.01	-30.62	9.1
WAL050	Walen	Limmat	Alpine	28.11.17	175949	159	45	M	2	2	6	01.02.18	frozen	long_numerous	C.heglingus	C.heglingus	3.03	-30.5	9.2
WAL051	Walen	Limmat	Alpine	28.11.17	175950	162	44	M	2	1	6	01.02.18	frozen	long_numerous	C.heglingus	C.heglingus	2.98	-30.23	9.02
WAL052	Walen	Limmat	Alpine	28.11.17	175951	161	43	M	2	2	4	31.01.18	frozen	long_numerous	C.heglingus	C.heglingus	2.97	-30.46	8.77
WAL053	Walen	Limmat	Alpine	28.11.17	175952	411	854	NA	5	NA	NA	NA	NA	NA	notdissected	notdissected	NA	NA	NA
WAL054	Walen	Limmat	Alpine	28.11.17	175953	326	424	NA	4	NA	NA	NA	NA	NA	notdissected	notdissected	NA	NA	NA
WAL055	Walen	Limmat	Alpine	28.11.17	175954	342	533	NA	4	NA	NA	NA	NA	NA	notdissected	notdissected	NA	NA	NA
WAL056	Walen	Limmat	Alpine	28.11.17	175955	375	771	NA	4	NA	NA	NA	NA	NA	notdissected	notdissected	NA	NA	NA
WAL057	Walen	Limmat	Alpine	28.11.17	175956	299	342	NA	5	NA	NA	NA	NA	NA	notdissected	notdissected	NA	NA	NA
WAL058	Walen	Limmat	Alpine	28.11.17	175957	389	706	NA	5	NA	NA	NA	NA	NA	notdissected	notdissected	NA	NA	NA
WAL059	Walen	Limmat	Alpine	28.11.17	175958	323	482	NA	5	NA	NA	NA	NA	NA	notdissected	notdissected	NA	NA	NA
WAL060	Walen	Limmat	Alpine	28.11.17	175959	346	523	NA	5	NA	NA	NA	NA	NA	notdissected	notdissected	NA	NA	NA
WAL061	Walen	Limmat	Alpine	28.11.17	175960	383	752	NA	5	NA	NA	NA	NA	NA	notdissected	notdissected	NA	NA	NA
WAL062	Walen	Limmat	Alpine	28.11.17	175961	408	775	NA	5	NA	NA	NA	NA	NA	notdissected	notdissected	NA	NA	NA
WAL063	Walen	Limmat	Alpine	28.11.17	175962	320	487	NA	4	NA	NA	NA	NA	NA	notdissected	notdissected	NA	NA	NA
WAL064	Walen	Limmat	Alpine	28.11.17	175963	340	544	NA	4	NA	NA	NA	NA	NA	notdissected	notdissected	NA	NA	NA
WAL065	Walen	Limmat	Alpine	28.11.17	175964	333	512	NA	5	NA	NA	NA	NA	NA	notdissected	notdissected	NA	NA	NA
WAL066	Walen	Limmat	Alpine	28.11.17	175965	395	694	NA	7	NA	NA	NA	NA	NA	notdissected	notdissected	NA	NA	NA
WAL067	Walen	Limmat	Alpine	28.11.17	175966	340	538	NA	5	NA	NA	NA	NA	NA	notdissected	notdissected	NA	NA	NA
WAL068	Walen	Limmat	Alpine	29.11.17	175967	418	994	NA	10	NA	NA	NA	NA	NA	notdissected	notdissected	NA	NA	NA
WAL069	Walen	Limmat	Alpine	29.11.17	175968	320	393	NA	4	NA	NA	NA	NA	NA	notdissected	notdissected	NA	NA	NA
WAL070	Walen	Limmat	Alpine	29.11.17	175969	379	739	NA	4	NA	NA	NA	NA	NA	notdissected	notdissected	NA	NA	NA
WAL071	Walen	Limmat	Alpine	29.11.17	175970	396	778	NA	6	NA	NA	NA	NA	NA	notdissected	notdissected	NA	NA	NA
WAL072	Walen	Limmat	Alpine	29.11.17	175971	383	748	NA	6	NA	NA	NA	NA	NA	notdissected	notdissected	NA	NA	NA
WAL073	Walen	Limmat	Alpine	29.11.17	175972	381	830	NA	5	NA	NA	NA	NA	NA	notdissected	notdissected	NA	NA	NA
WAL074	Walen	Limmat	Alpine	29.11.17	175973	344	477	NA	4	NA	NA	NA	NA	NA	notdissected	notdissected	NA	NA	NA
WAL075	Walen	Limmat	Alpine	29.11.17	175974	401	717	NA	6	NA	NA	NA	NA	NA	notdissected	notdissected	NA	NA	NA
WAL076	Walen	Limmat	Alpine	29.11.17	175975	379	658	NA	5	NA	NA	NA	NA	NA	notdissected	notdissected	NA	NA	NA
WAL077	Walen	Limmat	Alpine	29.11.17	175976	335	503	NA	4	NA	NA	NA	NA	NA	C.duplex	C.duplex	NA	NA	NA
WAL078	Walen	Limmat	Alpine	29.11.17	175977	346	496	M	4	2	6	25.01.18	frozen	NA	C.duplex	C.duplex	3.06	-31.7	8.22
WAL079	Walen	Limmat	Alpine	29.11.17	175978	314	396	M	3	2	4	16.01.18	frozen	short	C.duplex	C.duplex	2.98	-31.82	6.8
WAL080	Walen	Limmat	Alpine	29.11.17	175979	360	512	M	3	2	6	26.01.18	frozen	short	C.duplex	C.duplex	2.98	-31.15	9.07
WAL081	Walen	Limmat	Alpine	29.11.17	175980	388	685	M	5	2	6	16.01.18	frozen	short	C.duplex	C.duplex	2.95	-31.06	9.73
WAL082	Walen	Limmat	Alpine	29.11.17	175981	383	626	M	4	2	6	01.12.17	fresh	short	C.duplex	C.duplex	3	-30.73	8.47
WAL083	Walen	Limmat	Alpine	29.11.17	175982	375	636	M	4	1	5	26.01.18	frozen	short	C.duplex	C.duplex	2.98	-30.83	8.28
WAL084	Walen	Limmat	Alpine	29.11.17	175983	330	377	F	4	2	6	01.12.17	fresh	short	C.duplex	C.duplex	3.05	-31.65	6.77
WAL085	Walen	Limmat	Alpine	29.11.17	175984	382	644	F	6	1	6	NA	NA	NA	C.duplex	C.duplex	NA	NA	NA
WAL086	Walen	Limmat	Alpine	29.11.17	175985	342	438	M	5	2	6	26.01.18	frozen	short	C.duplex	C.duplex	3.06	-30.65	7.87
WAL087	Walen	Limmat	Alpine	29.11.17	175986	341	469	NA	4	2	6	NA	NA	NA	C.duplex	C.duplex	NA	NA	NA
WAL088	Walen	Limmat	Alpine	29.11.17	175987	323	375	M	4	2	6	16.01.18	frozen	short	C.duplex	C.duplex	3.02	-31.25	8.28
WAL089	Walen	Limmat	Alpine	29.11.17	175988	309	358	M	3	2	6	25.01.18	frozen	short	C.duplex	C.duplex	3	-31.68	7.51
175600	Zürichsee	Limmat	Alpine	13.12.17	175600	240	134	M	3	2	6	17.05.19	frozen	NA	C.zuerichensis	C.zuerichensis	3.17	-31.58	14.8
175601	Zürichsee	Limmat	Alpine	13.12.17	175601	226	135	F	1	2	6	20.05.19	frozen	NA	C.zuerichensis	C.zuerichensis	3.15	-31.32	14.9
175602	Zürichsee	Limmat	Alpine	13.12.17	175602	217	97	M	1	2	6	16.05.19	frozen	NA	C.heglingus	C.heglingus	3.18	-31.07	15.54
175603	Zürichsee	Limmat	Alpine	13.12.17	175603	227	111	M	3	2	6	20.05.19	frozen	NA	C.zuerichensis	C.zuerichensis	3.16	-31.63	14.59
175604	Zürichsee	Limmat	Alpine	13.12.17	175604	217	106	M	2	2	6	15.05.19	frozen	NA	C.zuerichensis	C.zuerichensis	3.34	-31.59	15.12
175605	Zürichsee	Limmat	Alpine	13.12.17	175605	249	155	M	3	2	5	22.05.19	frozen	NA	C.zuerichensis	C.zuerichensis	3.16	-31.98	15.06
175606	Zürichsee	Limmat	Alpine	13.12.17	175606	221	99	M	2	1	6	15.01.18	frozen	NA	C.zuerichensis	C.zuerichensis	3.14	-31.42	14.44
175607	Zürichsee	Limmat	Alpine	13.12.17	175607	233	108	M	1	2	6	22.05.19	frozen	NA	C.zuerichensis	C.zuerichensis	3.12	-31.33	15.3
175608	Zürichsee	Limmat	Alpine	13.12.17	175608	220	91	M	3	2	6	22.05.19	frozen	NA	C.zuerichensis	C.zuerichensis	3.15	-31.57	15.71
175609	Zürichsee	Limmat	Alpine	13.12.17	175609	236	124	F	2	2	6	17.05.19	frozen	NA	C.heglingus	C.heglingus	3.12	-32.05	14.81
175610	Zürichsee	Limmat	Alpine	13.12.17	175610	230	101	F	2	2	6	27.05.19	frozen	NA	C.zuerichensis	C.zuerichensis	3.15	-31.33	14.58
175611	Zürichsee	Limmat	Alpine	13.12.17	175611	230	105	M	2	2	5	21.05.19	frozen	NA	C.zuerichensis	C.zuerichensis	3.17	-31.36	15.49
175612	Zürichsee	Limmat	Alpine	13.12.17	175612	241	114	M	2	2	6	23.05.19	frozen	NA	C.zuerichensis	C.zuerichensis	3.22	-31.86	14.62
175613	Zürichsee	Limmat	Alpine	13.12.17	175613	241	115	F	3	2	6	16.05.19	frozen	NA	C.zuerichensis	C.zuerichensis	3.1	-31.66	14.94
175614	Zürichsee	Limmat	Alpine	13.12.17	175614	245	125	M	2	2	6	22.05.19	frozen	NA	C.zuerichensis	C.zuerichensis	3.16	-31.82	15.02
175615	Zürichsee	Limmat	Alpine	13.12.17	175615	231	155	F	2	2	5	28.05.19	frozen	NA	C.heglingus	C.heglingus	3.21	-31.51	14.79
175616	Zürichsee	Limmat	Alpine	13.12.17	175616	251	180	F	2	2	5	28.05.19	frozen	NA	C.heglingus	C.heglingus	3.15	-32.29	14.82
175617	Zürichsee	Limmat	Alpine	13.12.17	175617	255	174	M	3	2	6	28.05.19	frozen	NA	C.zuerichensis	C.zuerichensis	3.24	-31.77	14.96
175618	Zürichsee	Limmat	Alpine	13.12.17	175618	270	170	M	4	2	5	21.05.19	frozen	NA	C.heglingus	C.heglingus	3.17	-31.9	15.19
175619	Zürichsee	Limmat	Alpine	13.12.17	175619	240	135	M	2	2	6	23.05.19	frozen	NA	C.zuerichensis	C.zuerichensis	3.34	-32.04	14.94
175620	Zürichsee	Limmat	Alpine	13.12.17	175620	244	167	F	3	1	5	23.05.19	frozen	NA	C.zuerichensis	C.zuerichensis	3.11	-31.66	14.47
175621	Zürichsee	Limmat	Alpine	13.12.17	175621	246	125	F	4	2	6	24.05.19	frozen	NA	C.zuerichensis	C.zuerichensis	3.12	-31.85	14.9
175622	Zürichsee	Limmat	Alpine	13.12.17	175622	255	150	M	2	2	6	22.05.19	frozen	NA	C.zuerichensis	C.zuerichensis	3.13	-31.86	14.47
175623	Zürichsee	Limmat	Alpine	13.12.17	175623	214	75	M	2	1	6	22.05.19	frozen	NA	C.zuerichensis	C.zuerichensis	3.16	-31.09	15.54
175624	Zürichsee	Limmat	Alpine	13.12.17	175624	220	100	M	2	2	6	24.05.19	frozen	NA	C.zuerichensis	C.zuerichensis	3.25	-31.78	15.02
175625	Zürichsee	Limmat	Alpine	13.12.17	175625	250	160	M	3	2	5	29.05.19	frozen	NA	C.zuerichensis	C.zuerichensis	3.2	-31.9	14.82
175626	Zürichsee	Limmat	Alpine	13.12.17	175626	239	158	F	3	1	5	NA	NA	NA	C.zuerichensis	C.zuerichensis	3.12	-31.72	14.85
175627	Zürichsee	Limmat	Alpine	13.12.17	175627	252	155	M	2	1	6	NA	NA	NA	C.zuerichensis	C.zuerichensis	3.29	-31.99	15.17
175628	Zürichsee	Limmat	Alpine	13.12.17	175628	250	155	M	2	2	5	NA	NA	NA	C.heglingus	C.heglingus	3.24	-31.85	14.98
175629	Zürichsee	Limmat	Alpine	13.12.17	175629	225	127	M	2	2	6	29.05.19	frozen	NA	C.zuerichensis	C.zuerichensis	3.24	-31.71	15.14
175630	Zürichsee	Limmat	Alpine	13.12.17	175630	245	164	M	3	2	6	31.05.19	frozen	NA	C.zuerichensis	C.zuerichensis	3.15	-32.06	15.1
175631	Zürichsee	Limmat	Alpine	13.12.17	175631	249	168	F	2	2	6	NA	NA	NA	C.heglingus	C.heglingus	3.24	-32.08	15.05
175632	Zürichsee	Limmat	Alpine	13.12.17	175632	252	173	F	2	1	6	NA	NA	NA	C.heglingus	C.heglingus	3.1	-32.09	14.61
175633	Zürichsee	Limmat	Alpine	13.12.17	175633	220	107	M	1	2	6	NA	NA	NA	C.zuerichensis	C.zuerichensis	3.2	-31.06	15.95
175634	Zürichsee	Limmat	Alpine	13.12.17	175634	238	136	M	2	2	6	NA	NA	NA	C.zuerichensis	C.zuerichensis	3.16	-31.99	15.28
175635	Zürichsee	Limmat	Alpine	13.12.17	175635	250	150	M	3	2	6	24.05.19	frozen	NA	C.heglingus	C.heglingus	3.08	-31.77	15.67
175636	Zürichsee	Limmat	Alpine	13.12.17	175636	250	164	M	2	2	6	31.05.19	frozen	NA	C.heglingus	C.heglingus	3.2	-31.95	14.88
175637	Zürichsee	Limmat	Alpine	13.12.17	175637	251	161	M	3	2	6	NA	NA	NA	C.zuerichensis	C.zuerichensis	3.23	-31.94	15.28
175638	Zürichsee	Limmat	Alpine	13.12.17	175638	415	794	M	5	2	6	19.06.19	frozen	NA	C.duplex	C.duplex	3.17	-32.67	14.63
175639	Zürichsee	Limmat	Alpine	13.12.17	175639	425	855	F	5	1	6	15.12.17	fresh	NA	C.duplex	C.duplex	3.11	-33.31	14.78
175640	Zürichsee	Limmat	Alpine	13.12.17	175640	382	580	F	6	1	6	15.12.18	fresh	NA	C.duplex	C.duplex	3.11	-32.72	14.72
175641	Zürichsee	Limmat	Alpine	13.12.17	175641	399	768	M	4	1	5	NA	NA	NA	C.duplex	C.duplex	3.26	-32.52	13.87
175642	Zürichsee	Limmat	Alpine	13.12.17	175642	345	443	F	2	1	6	18.06.19	frozen	NA	C.duplex	C.duplex	3.09	-32.98	13.7
175643	Zürichsee	Limmat	Alpine	13.12.17	175643	317	318	F	3	2	6	17.06.19	frozen	NA	C.duplex	C.duplex	3.12	-31.61	14.78
175644	Zürichsee	Limmat	Alpine	13.12.17	175644	330	395	F	2	2	6	13.06.19	frozen	NA	C.duplex	C.duplex	3.09	-32.59	14.28
175645	Zürichsee	Limmat	Alpine	13.12.17	175645	312	317	F	2	2	6	14.06.19	frozen	NA	C.duplex	C.duplex	3.14	-31.87	14.47
175646	Zürichsee	Limmat	Alpine	13.12.17	175646	340	414	F	2	2	6	13.06.19	frozen	NA	C.duplex	C.duplex	3.14	-32.04	14.12
175647	Zürichsee	Limmat	Alpine	13.12.17	175647	312	340	F	2	2	6	14.06.19	frozen	NA	C.duplex	C.duplex	3.16	-32	14.4
175648	Zürichsee	Limmat	Alpine	19.12.17	175648	453	1850	F	8	NA	NA	22.01.19	frozen	NA	C.duplex	C.duplex	3.15	-32.7	13.75
175649	Zürichsee	Limmat	Alpine	19.12.17	175649	437	1034	F	6	NA	NA	29.01.19	frozen	NA	C.duplex	C.duplex	3.15	-32.73	13.58
ZUR001	Zürichsee	Limmat	Alpine	20.12.17	NA	342	423	F	2	NA	NA	11.06.19	frozen	NA	C.duplex	C.duplex	3.12	-32.24	13.94
ZUR002	Zürichsee	Limmat	Alpine	20.12.17	NA	406	780	F	5	NA	NA	18.06.19	frozen	NA	C.duplex	C.duplex	3.17	-33.24	14.15
ZUR003	Zürichsee	Limmat	Alpine	20.12.17	NA	387	666	F	7	NA	NA	19.06.19	frozen	NA	C.duplex	C.duplex	3.15	-32.2	14.87
ZUR004	Zürichsee	Limmat	Alpine	20.12.17	NA	NA	470	NA	NA	NA	NA	NA	NA	NA	notdissected	notdissected	NA	NA	NA
ZUR005	Zürichsee	Limmat	Alpine	20.12.17	NA	301	330	F	2	NA	NA	07.06.19	frozen	NA	C.duplex	C.duplex	3.24	-31.72	14.19
ZUR006	Zürichsee	Limmat	Alpine	20.12.17	NA	NA	641	NA	NA	NA	NA	NA	NA	NA	notdissected	notdissected	NA	NA	NA
ZUR007	Zürichsee	Limmat	Alpine	20.12.17	NA	294	272	F	2	NA	NA	04.06.19	frozen	NA	C.duplex	C.duplex	3.27	-32.39	13.62
ZUR008	Zürichsee	Limmat	Alpine	20.12.17	NA	434	988	F	5	NA	NA	12.06.19	frozen	NA	C.duplex	C.duplex	3.18	-33.35	14.53
ZUR009	Zürichsee	Limmat	Alpine	20.12.17	NA	333	507	F	3	NA	NA	12.06.19	frozen	NA	C.duplex	C.duplex	3.18	-32.13	14.16
ZUR010	Zürichsee	Limmat	Alpine	20.12.17	NA	264	236	M	2	NA	NA	05.06.19	frozen	NA	C.duplex	C.duplex	3.23	-30.96	14.83
ZUR011	Zürichsee	Limmat	Alpine	20.12.17	NA	330	426	F	3	NA	NA	07.06.19	frozen	NA	C.duplex	C.duplex	3.23	-32.22	14.24
ZUR012	Zürichsee	Limmat	Alpine	20.12.17	NA	412	965	F	6	NA	NA	17.06.19	frozen	NA	C.duplex	C.duplex	3.16	-32.83	15.44
ZUR013	Zürichsee	Limmat	Alpine	20.12.17	NA	321	391	F	2	NA	NA	04.06.19	frozen	NA	C.duplex	C.duplex	3.11	-32.01	14.24
ZUR014	Zürichsee	Limmat	Alpine	20.12.17	NA	416	955	F	5	NA	NA	12.06.19	frozen	NA	C.duplex	C.duplex	3.41	-33.29	13.79
ZUR015	Zürichsee	Limmat	Alpine	20.12.17	NA	NA	537	NA	NA	NA	NA	NA	NA	NA	notdissected	notdissected	NA	NA	NA
ZUR016	Zürichsee	Limmat	Alpine	20.12.17	NA	NA	786	NA	NA	NA	NA	NA	NA	NA	notdissected	notdissected	NA	NA	NA
ZUR017	Zürichsee	Limmat	Alpine	20.12.17	NA	312	391	F	4	NA	NA	11.06.19	frozen	NA	C.duplex	C.duplex	3.22	-31.99	14.91
ZUR018	Zürichsee	Limmat	Alpine	20.12.17	NA	422	890	F	5	NA	NA	12.06.19	frozen	NA	C.duplex	C.duplex	3.12	-32.99	14.16
ZUR019	Zürichsee	Limmat	Alpine	20.12.17	NA	NA	431	NA	NA	NA	NA	NA	NA	NA	notdissected	notdissected	NA	NA	NA
ZUR020	Zürichsee	Limmat	Alpine	20.12.17	NA	NA	544	NA	NA	NA	NA	NA	NA	NA	notdissected	notdissected	NA	NA	NA
ZUR021	Zürichsee	Limmat	Alpine	20.12.17	NA	NA	498	NA	NA	NA	NA	NA	NA	NA	notdissected	notdissected	NA	NA	NA
ZUR022	Zürichsee	Limmat	Alpine	20.12.17	NA	NA	466	NA	NA	NA	NA	NA	NA	NA	notdissected	notdissected	NA	NA	NA
BIE001	Bienne	Aare	Alpine	31.08.17	NA	238	145	F	3	NA	NA	15.10.19	frozen	NA	Pale	C.palaea	3.31	-32.56	16.32
BIE002	Bienne	Aare	Alpine	31.08.17	NA	255	188	F	3	NA	NA	08.05.19	frozen	NA	Bondelle	C.confusus	3.4	-32.19	17.57
BIE003	Bienne	Aare	Alpine	31.08.17	NA	275	239	M	4	NA	NA	23.01.19	frozen	NA	Bondelle	C.confusus	3.24	-31.76	17.19
BIE004	Bienne	Aare	Alpine	31.08.17	NA	280	218	M	5	NA	NA	14.04.19	frozen	NA	Bondelle	C.confusus	3.51	-32.25	16.43
BIE005	Bienne	Aare	Alpine	31.08.17	NA	285	240	F	4	NA	NA	13.05.19	frozen	NA	Bondelle	C.confusus	3.26	-31.62	16.57
BIE006	Bienne	Aare	Alpine	31.08.17	NA	270	199	F	4	NA	NA	15.01.19	frozen	NA	Bondelle	C.confusus	3.44	-32.62	17.77
BIE007	Bienne	Aare	Alpine	31.08.17	NA	270	254	F	4	NA	NA	30.01.19	frozen	NA	Bondelle	C.confusus	3.28	-32.44	17.31
BIE008	Bienne	Aare	Alpine	31.08.17	NA	270	203	F	4	NA	NA	02.05.19	frozen	NA	Bondelle	C.confusus	3.58	-32.47	17.27
BIE009	Bienne	Aare	Alpine	31.08.17	NA	250	NA	NA	NA	NA	NA	NA	frozen	NA	Bondelle	C.confusus	NA	NA	NA
BIE010	Bienne	Aare	Alpine	31.08.17	NA	250	NA	NA	NA	NA	NA	NA	frozen	NA	Bondelle	C.confusus	NA	NA	NA
BIE011	Bienne	Aare	Alpine	31.08.17	NA	255	NA	NA	NA	NA	NA	NA	frozen	NA	Bondelle	C.confusus	NA	NA	NA
BIE012	Bienne	Aare	Alpine	31.08.17	NA	270	NA	NA	NA	NA	NA	NA	frozen	NA	Bondelle	C.confusus	NA	NA	NA
BIE013	Bienne	Aare	Alpine	31.08.17	NA	295	NA	NA	NA	NA	NA	NA	frozen	NA	Bondelle	C.confusus	NA	NA	NA
BIE014	Bienne	Aare	Alpine	31.08.17	NA	235	NA	NA	NA	NA	NA	NA	frozen	NA	Bondelle	C.confusus	NA	NA	NA
BIE015	Bienne	Aare	Alpine	31.08.17	NA	245	NA	NA	NA	NA	NA	NA	frozen	NA	Bondelle	C.confusus	NA	NA	NA
BIE016	Bienne	Aare	Alpine	31.08.17	NA	270	NA	NA	NA	NA	NA	NA	frozen	NA	Bondelle	C.confusus	NA	NA	NA
BIE017	Bienne	Aare	Alpine	31.08.17	NA	270	NA	NA	NA	NA	NA	NA	frozen	NA	Bondelle	C.confusus	NA	NA	NA
BIE018	Bienne	Aare	Alpine	31.08.17	NA	250	NA	NA	NA	NA	NA	NA	frozen	NA	Bondelle	C.confusus	NA	NA	NA
BIE019	Bienne	Aare	Alpine	31.08.17	NA	255	NA	NA	NA	NA	NA	NA	frozen	NA	Bondelle	C.confusus	NA	NA	NA
BIE020	Bienne	Aare	Alpine	31.08.17	NA	275	NA	NA	NA	NA	NA	NA	frozen	NA	Bondelle	C.confusus	NA	NA	NA
BIE021	Bienne	Aare	Alpine	31.08.17	NA	275	NA	NA	NA	NA	NA	NA	frozen	NA	Bondelle	C.confusus	NA	NA	NA
BIE022	Bienne	Aare	Alpine	31.08.17	NA	270	NA	NA	NA	NA	NA	NA	frozen	NA	Bondelle	C.confusus	NA	NA	NA
BIE023	Bienne	Aare	Alpine	31.08.17	NA	260	NA	NA	NA	NA	NA	NA	frozen	NA	Bondelle	C.confusus	NA	NA	NA
BIE024	Bienne	Aare	Alpine	31.08.17	NA	250	NA	NA	NA	NA	NA	NA	frozen	NA	Bondelle	C.confusus	NA	NA	NA
BIE025	Bienne	Aare	Alpine	31.08.17	NA	270	NA	NA	NA	NA	NA	NA	frozen	NA	Bondelle	C.confusus	NA	NA	NA
BIE026	Bienne	Aare	Alpine	31.08.17	NA	235	NA	NA	NA	NA	NA	NA	frozen	NA	Bondelle	C.confusus	NA	NA	NA
BIE027	Bienne	Aare	Alpine	31.08.17	NA	255	201	M	3	NA	NA	02.05.19	frozen	NA	Bondelle	C.confusus	3.28	-31.61	17.2
BIE028	Bienne	Aare	Alpine	31.08.17	NA	265	206	M	5	NA	NA	06.05.19	frozen	NA	Bondelle	C.confusus	3.25	-31.7	17.21
BIE029	Bienne	Aare	Alpine	31.08.17	NA	290	290	F	4	NA	NA	03.05.19	frozen	NA	Bondelle	C.confusus	3.37	-31.32	17.08
BIE030	Bienne	Aare	Alpine	31.08.17	NA	280	239	F	4	NA	NA	07.05.19	frozen	NA	Bondelle	C.confusus	3.4	-32.22	16.84
BIE031	Bienne	Aare	Alpine	31.08.17	NA	270	231	F	3	NA	NA	07.05.19	frozen	NA	Bondelle	C.confusus	3.44	-32.09	17.4
BIE032	Bienne	Aare	Alpine	31.08.17	NA	265	NA	NA	NA	NA	NA	NA	frozen	NA	Bondelle	C.confusus	NA	NA	NA
BIE033	Bienne	Aare	Alpine	31.08.17	NA	260	NA	NA	NA	NA	NA	NA	frozen	NA	Bondelle	C.confusus	NA	NA	NA
BIE034	Bienne	Aare	Alpine	31.08.17	NA	290	NA	NA	NA	NA	NA	NA	frozen	NA	Bondelle	C.confusus	NA	NA	NA
BIE035	Bienne	Aare	Alpine	31.08.17	NA	265	NA	NA	NA	NA	NA	NA	frozen	NA	Bondelle	C.confusus	NA	NA	NA
BIE036	Bienne	Aare	Alpine	31.08.17	NA	295	NA	NA	NA	NA	NA	NA	frozen	NA	Bondelle	C.confusus	NA	NA	NA
BIE037	Bienne	Aare	Alpine	31.08.17	NA	260	NA	NA	NA	NA	NA	NA	frozen	NA	Bondelle	C.confusus	NA	NA	NA
BIE038	Bienne	Aare	Alpine	31.08.17	NA	275	NA	NA	NA	NA	NA	NA	frozen	NA	Bondelle	C.confusus	NA	NA	NA
BIE039	Bienne	Aare	Alpine	31.08.17	NA	265	NA	NA	NA	NA	NA	NA	frozen	NA	Bondelle	C.confusus	NA	NA	NA
BIE040	Bienne	Aare	Alpine	31.08.17	NA	250	NA	NA	NA	NA	NA	NA	frozen	NA	Bondelle	C.confusus	NA	NA	NA
BIE041	Bienne	Aare	Alpine	31.08.17	NA	280	NA	NA	NA	NA	NA	NA	frozen	NA	Bondelle	C.confusus	NA	NA	NA
BIE042	Bienne	Aare	Alpine	31.08.17	NA	255	NA	NA	NA	NA	NA	NA	frozen	NA	Bondelle	C.confusus	NA	NA	NA
BIE043	Bienne	Aare	Alpine	31.08.17	NA	260	NA	NA	NA	NA	NA	NA	frozen	NA	Bondelle	C.confusus	NA	NA	NA
BIE044	Bienne	Aare	Alpine	31.08.17	NA	265	NA	F	3	NA	NA	25.08.17	frozen	NA	Bondelle	C.confusus	NA	NA	NA
BIE045	Bienne	Aare	Alpine	31.08.17	NA	270	NA	F	3	NA	NA	28.07.17	fresh	NA	Bondelle	C.confusus	NA	NA	NA
BIE046	Bienne	Aare	Alpine	31.08.17	NA	260	NA	M	2	NA	NA	24.08.17	frozen	NA	Bondelle	C.confusus	NA	NA	NA
BIE047	Bienne	Aare	Alpine	31.08.17	NA	265	NA	F	4	NA	NA	24.08.17	frozen	NA	Bondelle	C.confusus	NA	NA	NA
BIE048	Bienne	Aare	Alpine	31.08.17	NA	275	NA	M	3	NA	NA	28.07.17	fresh	NA	Bondelle	C.confusus	NA	NA	NA
BIE049	Bienne	Aare	Alpine	31.08.17	NA	255	NA	M	4	NA	NA	27.07.17	fresh	NA	Bondelle	C.confusus	NA	NA	NA
BIE050	Bienne	Aare	Alpine	31.08.17	NA	270	NA	F	3	NA	NA	27.07.17	fresh	NA	Bondelle	C.confusus	NA	NA	NA
BIE051	Bienne	Aare	Alpine	31.08.17	NA	270	NA	M	3	NA	NA	27.07.17	fresh	NA	Bondelle	C.confusus	NA	NA	NA
BIE052	Bienne	Aare	Alpine	19.12.17	NA	286	289	NA	3	NA	NA	NA	frozen	NA	Bondelle	C.confusus	NA	NA	NA
BIE053	Bienne	Aare	Alpine	19.12.17	NA	270	266	NA	4	NA	NA	NA	frozen	NA	Bondelle	C.confusus	NA	NA	NA
BIE054	Bienne	Aare	Alpine	19.12.17	NA	253	159	NA	3	NA	NA	NA	frozen	NA	Bondelle	C.confusus	NA	NA	NA
BIE055	Bienne	Aare	Alpine	19.12.17	NA	277	228	F	NA	NA	NA	08.05.19	frozen	NA	Bondelle	C.confusus	3.08	-31.67	16.95
BIE056	Bienne	Aare	Alpine	19.12.17	NA	272	183	F	3	NA	NA	13.05.19	frozen	NA	Bondelle	C.confusus	3.24	-31.58	16.07
BIE057	Bienne	Aare	Alpine	19.12.17	NA	278	197	NA	2	NA	NA	NA	frozen	NA	Bondelle	C.confusus	NA	NA	NA
BIE058	Bienne	Aare	Alpine	19.12.17	NA	265	164	NA	4	NA	NA	NA	frozen	NA	Bondelle	C.confusus	NA	NA	NA
BIE059	Bienne	Aare	Alpine	19.12.17	NA	261	194	NA	4	NA	NA	NA	frozen	NA	Bondelle	C.confusus	NA	NA	NA
BIE060	Bienne	Aare	Alpine	19.12.17	NA	263	178	F	3	NA	NA	08.05.19	frozen	NA	Bondelle	C.confusus	3.16	-31.56	17.18
BIE061	Bienne	Aare	Alpine	19.12.17	NA	273	176	F	4	NA	NA	10.05.19	frozen	NA	Bondelle	C.confusus	3.03	-31.55	16.67
BIE062	Bienne	Aare	Alpine	19.12.17	NA	259	170	NA	3	NA	NA	NA	frozen	NA	Bondelle	C.confusus	NA	NA	NA
BIE063	Bienne	Aare	Alpine	19.12.17	NA	252	149	NA	4	NA	NA	NA	frozen	NA	Bondelle	C.confusus	NA	NA	NA
BIE064	Bienne	Aare	Alpine	19.12.17	NA	276	222	NA	5	NA	NA	NA	frozen	NA	Bondelle	C.confusus	NA	NA	NA
BIE065	Bienne	Aare	Alpine	19.12.17	NA	250	158	NA	4	NA	NA	NA	frozen	NA	Bondelle	C.confusus	NA	NA	NA
BIE066	Bienne	Aare	Alpine	19.12.17	NA	255	191	NA	4	NA	NA	NA	frozen	NA	Bondelle	C.confusus	NA	NA	NA
BIE067	Bienne	Aare	Alpine	19.12.17	NA	270	189	NA	5	NA	NA	NA	frozen	NA	Bondelle	C.confusus	NA	NA	NA
BIE068	Bienne	Aare	Alpine	19.12.17	NA	258	171	NA	3	NA	NA	NA	frozen	NA	Bondelle	C.confusus	NA	NA	NA
BIE069	Bienne	Aare	Alpine	19.12.17	NA	256	164	NA	3	NA	NA	NA	frozen	NA	Bondelle	C.confusus	NA	NA	NA
BIE070	Bienne	Aare	Alpine	19.12.17	NA	266	173	NA	2	NA	NA	NA	frozen	NA	Bondelle	C.confusus	NA	NA	NA
BIE071	Bienne	Aare	Alpine	19.12.17	NA	269	198	NA	4	NA	NA	NA	frozen	NA	Bondelle	C.confusus	NA	NA	NA
BIE072	Bienne	Aare	Alpine	19.12.17	NA	255	164	NA	4	NA	NA	NA	frozen	NA	Bondelle	C.confusus	NA	NA	NA
BIE073	Bienne	Aare	Alpine	19.12.17	NA	298	265	NA	4	NA	NA	NA	frozen	NA	Bondelle	C.confusus	NA	NA	NA
BIE074	Bienne	Aare	Alpine	19.12.17	NA	268	194	M	2	NA	NA	09.05.19	frozen	NA	Bondelle	C.confusus	3.14	-31.31	17.26
BIE075	Bienne	Aare	Alpine	19.12.17	NA	291	234	NA	3	NA	NA	NA	frozen	NA	Bondelle	C.confusus	NA	NA	NA
BIE076	Bienne	Aare	Alpine	19.12.17	NA	263	180	NA	4	NA	NA	NA	frozen	NA	Bondelle	C.confusus	NA	NA	NA
BIE077	Bienne	Aare	Alpine	19.12.17	NA	262	185	NA	4	NA	NA	NA	frozen	NA	Bondelle	C.confusus	NA	NA	NA
BIE078	Bienne	Aare	Alpine	19.12.17	NA	257	185	NA	3	NA	NA	NA	frozen	NA	Bondelle	C.confusus	NA	NA	NA
BIE079	Bienne	Aare	Alpine	19.12.17	NA	268	182	M	3	NA	NA	14.05.19	frozen	NA	Bondelle	C.confusus	3.16	-31.47	17.34
BIE080	Bienne	Aare	Alpine	19.12.17	NA	248	158	NA	3	NA	NA	NA	frozen	NA	Bondelle	C.confusus	NA	NA	NA
BIE081	Bienne	Aare	Alpine	19.12.17	NA	286	206	NA	4	NA	NA	NA	frozen	NA	Bondelle	C.confusus	NA	NA	NA
BIE082	Bienne	Aare	Alpine	19.12.17	NA	265	185	NA	4	NA	NA	NA	frozen	NA	Bondelle	C.confusus	NA	NA	NA
BIE083	Bienne	Aare	Alpine	19.12.17	NA	260	171	NA	3	NA	NA	NA	frozen	NA	Bondelle	C.confusus	NA	NA	NA
BIE084	Bienne	Aare	Alpine	19.12.17	NA	280	204	NA	3	NA	NA	NA	frozen	NA	Bondelle	C.confusus	NA	NA	NA
BIE085	Bienne	Aare	Alpine	19.12.17	NA	275	202	NA	4	NA	NA	NA	frozen	NA	Bondelle	C.confusus	NA	NA	NA
BIE086	Bienne	Aare	Alpine	19.12.17	NA	268	191	M	3	NA	NA	10.05.19	frozen	NA	Bondelle	C.confusus	3.09	-31.13	15.56
BIE087	Bienne	Aare	Alpine	19.12.17	NA	278	216	NA	4	NA	NA	NA	frozen	NA	Bondelle	C.confusus	NA	NA	NA
BIE088	Bienne	Aare	Alpine	19.12.17	NA	266	176	NA	2	NA	NA	NA	frozen	NA	Bondelle	C.confusus	NA	NA	NA
BIE089	Bienne	Aare	Alpine	19.12.17	NA	277	197	M	3	NA	NA	09.05.19	frozen	NA	Bondelle	C.confusus	3.19	-33.33	16.38
BIE090	Bienne	Aare	Alpine	19.12.17	NA	264	180	M	NA	NA	NA	07.07.19	frozen	NA	Bondelle	C.confusus	3.1	-31.68	16.74
BIE091	Bienne	Aare	Alpine	19.12.17	NA	254	168	M	3	NA	NA	11.01.19	frozen	NA	Bondelle	C.confusus	3.14	-31.67	17.67
BIE092	Bienne	Aare	Alpine	19.12.17	NA	290	239	M	4	NA	NA	09.01.19	frozen	NA	Bondelle	C.confusus	3.12	-30.92	16.97
BIE093	Bienne	Aare	Alpine	19.12.17	NA	308	304	M	3	NA	NA	08.01.19	frozen	NA	Bondelle	C.confusus	3.05	-30.22	16.57
BIE094	Bienne	Aare	Alpine	19.12.17	NA	361	564	NA	2	NA	NA	19.12.17	fresh	NA	Bondelle	C.confusus	3.23	-28.95	16.38
THU001	Thun	Aare	Alpine	17.07.17	NA	265	NA	F	1	NA	NA	20.07.17	fresh	NA	Albock	C.acrinasus	NA	NA	NA
THU002	Thun	Aare	Alpine	17.07.17	NA	292	285	F	4	NA	NA	17.10.18	frozen	NA	Albock	C.acrinasus	3.31	-31.77	7.7
THU003	Thun	Aare	Alpine	17.07.17	NA	294	293	F	4	NA	NA	14.03.18	frozen	NA	Albock	C.acrinasus	3.37	-30.41	7.89
THU004	Thun	Aare	Alpine	17.07.17	NA	288	NA	F	4	NA	NA	24.07.17	frozen	NA	Albock	C.acrinasus	NA	NA	NA
THU005	Thun	Aare	Alpine	17.07.17	NA	282	292	F	5	NA	NA	17.10.18	frozen	NA	Balchen2	C.steinmanni	3.31	-31.81	7.89
THU006	Thun	Aare	Alpine	17.07.17	NA	296	309	F	3	NA	NA	16.10.18	frozen	NA	Balchen2	C.steinmanni	3.31	-30.95	7.23
THU007	Thun	Aare	Alpine	17.07.17	NA	260	208	M	6	NA	NA	18.01.19	frozen	NA	Brienzlig	C.albellus	3.44	-32.17	8.01
THU008	Thun	Aare	Alpine	17.07.17	NA	262	187	M	5	NA	NA	17.01.19	frozen	NA	Balchen2	C.steinmanni	3.54	-32.27	8.31
THU009	Thun	Aare	Alpine	17.07.17	NA	256	NA	NA	NA	NA	NA	NA	NA	NA	notdissected	notdissected	NA	NA	NA
THU010	Thun	Aare	Alpine	17.07.17	NA	258	209	F	4	NA	NA	16.01.19	frozen	NA	Brienzlig	C.albellus	4.48	-33.91	7.95
THU011	Thun	Aare	Alpine	17.07.17	NA	252	NA	F	3	NA	NA	21.07.17	fresh	NA	Brienzlig	C.albellus	NA	NA	NA
THU012	Thun	Aare	Alpine	17.07.17	NA	228	NA	NA	NA	NA	NA	NA	NA	NA	notdissected	notdissected	NA	NA	NA
THU013	Thun	Aare	Alpine	17.07.17	NA	226	NA	NA	NA	NA	NA	NA	NA	long	notdissected	notdissected	NA	NA	NA
THU014	Thun	Aare	Alpine	17.07.17	NA	266	NA	NA	NA	NA	NA	NA	fresh	long	Balchen1/Balchen2	C.alpinus/C.steinmanni	NA	NA	NA
THU015	Thun	Aare	Alpine	17.07.17	NA	261	NA	NA	NA	NA	NA	NA	NA	long	notdissected	notdissected	NA	NA	NA
THU016	Thun	Aare	Alpine	17.07.17	NA	247	NA	NA	NA	NA	NA	NA	NA	long	notdissected	notdissected	NA	NA	NA
THU017	Thun	Aare	Alpine	17.07.17	NA	235	NA	NA	NA	NA	NA	NA	NA	long	notdissected	notdissected	NA	NA	NA
THU018	Thun	Aare	Alpine	17.07.17	NA	324	NA	NA	NA	NA	NA	NA	NA	long	notdissected	notdissected	NA	NA	NA
THU019	Thun	Aare	Alpine	17.07.17	NA	260	NA	F	3	NA	NA	25.07.17	frozen	long	Felchen/Brienzlig	C.fatioi/C.albellus	NA	NA	NA
THU020	Thun	Aare	Alpine	17.07.17	NA	255	NA	NA	NA	NA	NA	NA	NA	long	notdissected	notdissected	NA	NA	NA
THU021	Thun	Aare	Alpine	17.07.17	NA	240	NA	NA	NA	NA	NA	NA	NA	long	notdissected	notdissected	NA	NA	NA
THU022	Thun	Aare	Alpine	17.07.17	NA	245	NA	NA	NA	NA	NA	NA	NA	long	notdissected	notdissected	NA	NA	NA
THU023	Thun	Aare	Alpine	17.07.17	NA	260	NA	NA	NA	NA	NA	NA	NA	long	notdissected	notdissected	NA	NA	NA
THU024	Thun	Aare	Alpine	17.07.17	NA	255	NA	NA	NA	NA	NA	NA	NA	long	notdissected	notdissected	NA	NA	NA
THU025	Thun	Aare	Alpine	17.07.17	NA	278	NA	NA	NA	NA	NA	NA	NA	long	notdissected	notdissected	NA	NA	NA
THU026	Thun	Aare	Alpine	17.07.17	NA	250	NA	NA	NA	NA	NA	NA	NA	long	notdissected	notdissected	NA	NA	NA
THU027	Thun	Aare	Alpine	17.07.17	NA	255	187	M	4	NA	NA	10.01.19	frozen	long	Brienzlig	C.albellus	3.85	-32.74	8.59
THU028	Thun	Aare	Alpine	17.07.17	NA	242	NA	NA	NA	NA	NA	NA	NA	long	notdissected	notdissected	NA	NA	NA
THU029	Thun	Aare	Alpine	17.07.17	NA	240	NA	NA	NA	NA	NA	NA	NA	long	notdissected	notdissected	NA	NA	NA
THU030	Thun	Aare	Alpine	17.07.17	NA	260	NA	NA	NA	NA	NA	NA	NA	long	notdissected	notdissected	NA	NA	NA
THU031	Thun	Aare	Alpine	16.08.17	NA	298	252	M	4	NA	NA	14.01.19	frozen	NA	Albock	C.acrinasus	3.43	-31.44	7.86
THU032	Thun	Aare	Alpine	16.08.17	NA	281	274	F	2	NA	NA	17.01.19	frozen	NA	Balchen2	C.steinmanni	3.94	-33.3	7.91
THU033	Thun	Aare	Alpine	16.08.17	NA	250	NA	NA	NA	NA	NA	NA	NA	NA	notdissected	notdissected	NA	NA	NA
THU034	Thun	Aare	Alpine	16.08.17	NA	287	291	F	3	NA	NA	21.01.19	frozen	NA	Albock	C.acrinasus	3.33	-31.57	7.82
THU035	Thun	Aare	Alpine	16.08.17	NA	262	NA	NA	NA	NA	NA	NA	NA	NA	notdissected	notdissected	NA	NA	NA
THU036	Thun	Aare	Alpine	16.08.17	NA	303	400	F	3	NA	NA	16.01.19	frozen	NA	Brienzlig	C.albellus	3.51	-31.87	7.3
THU037	Thun	Aare	Alpine	16.08.17	NA	307	NA	NA	NA	NA	NA	NA	NA	NA	notdissected	notdissected	NA	NA	NA
THU038	Thun	Aare	Alpine	16.08.17	NA	266	228	F	4	NA	NA	21.01.19	frozen	NA	Albock	C.acrinasus	3.51	-31.9	8.73
THU039	Thun	Aare	Alpine	16.08.17	NA	263	252	F	2	NA	NA	18.01.19	frozen	NA	Balchen2	C.steinmanni	3.39	-31.72	7.35
THU040	Thun	Aare	Alpine	16.08.17	NA	272	NA	NA	NA	NA	NA	NA	NA	NA	notdissected	notdissected	NA	NA	NA
THU041	Thun	Aare	Alpine	16.08.17	NA	294	NA	NA	NA	NA	NA	NA	NA	NA	notdissected	notdissected	NA	NA	NA
THU042	Thun	Aare	Alpine	16.08.17	NA	283	NA	NA	NA	NA	NA	NA	NA	NA	notdissected	notdissected	NA	NA	NA
THU043	Thun	Aare	Alpine	16.08.17	NA	287	NA	NA	NA	NA	NA	NA	NA	NA	notdissected	notdissected	NA	NA	NA
THU044	Thun	Aare	Alpine	16.08.17	NA	292	NA	NA	NA	NA	NA	NA	NA	NA	notdissected	notdissected	NA	NA	NA
THU045	Thun	Aare	Alpine	16.08.17	NA	276	NA	NA	NA	NA	NA	NA	NA	NA	notdissected	notdissected	NA	NA	NA
THU046	Thun	Aare	Alpine	16.08.17	NA	286	NA	NA	NA	NA	NA	NA	NA	NA	notdissected	notdissected	NA	NA	NA
THU047	Thun	Aare	Alpine	16.08.17	NA	282	NA	NA	NA	NA	NA	NA	NA	NA	notdissected	notdissected	NA	NA	NA
THU048	Thun	Aare	Alpine	16.08.17	NA	289	NA	NA	NA	NA	NA	NA	NA	NA	notdissected	notdissected	NA	NA	NA
THU049	Thun	Aare	Alpine	16.08.17	NA	286	NA	NA	NA	NA	NA	NA	NA	NA	notdissected	notdissected	NA	NA	NA
THU050	Thun	Aare	Alpine	16.08.17	NA	301	NA	NA	NA	NA	NA	NA	NA	NA	notdissected	notdissected	NA	NA	NA
THU051	Thun	Aare	Alpine	16.08.17	NA	293	NA	NA	NA	NA	NA	NA	NA	NA	notdissected	notdissected	NA	NA	NA
THU052	Thun	Aare	Alpine	16.08.17	NA	284	291	F	4	NA	NA	15.01.19	frozen	NA	Albock	C.acrinasus	3.34	-31.85	8.44
THU053	Thun	Aare	Alpine	16.08.17	NA	279	286	F	3	NA	NA	15.01.19	frozen	NA	Albock	C.acrinasus	3.84	-32.82	8.15
THU054	Thun	Aare	Alpine	16.08.17	NA	270	NA	NA	NA	NA	NA	NA	NA	NA	notdissected	notdissected	NA	NA	NA
THU055	Thun	Aare	Alpine	16.08.17	NA	250	NA	F	2	NA	NA	17.08.17	fresh	NA	Kropfer	C.profundus	NA	NA	NA
THU056	Thun	Aare	Alpine	11.01.18	NA	255	178	M	2	NA	NA	11.01.18	fresh	short	Kropfer	C.profundus	3.53	-31.11	8.1
THU057	Thun	Aare	Alpine	11.01.18	NA	266	201	F	2	NA	NA	12.01.18	fresh	long	Brienzlig	C.albellus	3.43	-31.83	8.77
THU058	Thun	Aare	Alpine	11.01.18	NA	260	207	F	3	NA	NA	05.03.18	frozen	long	Felchen	C.fatioi	3.53	-32.03	8.35
THU059	Thun	Aare	Alpine	11.01.18	NA	271	228	F	4	NA	NA	05.03.18	frozen	long	Brienzlig	C.albellus	3.74	-32.34	8.72
THU060	Thun	Aare	Alpine	11.01.18	NA	282	262	F	3	NA	NA	12.01.18	fresh	short	Kropfer	C.profundus	3.7	-32.86	8.09
THU061	Thun	Aare	Alpine	11.01.18	NA	264	199	M	3	NA	NA	12.01.18	fresh	short	Kropfer	C.profundus	3.44	-32.43	6.57
THU062	Thun	Aare	Alpine	11.01.18	NA	265	216	NA	2	NA	NA	NA	NA	short	notdissected	notdissected	NA	NA	NA
THU063	Thun	Aare	Alpine	11.01.18	NA	248	206	NA	3	NA	NA	NA	NA	short	notdissected	notdissected	NA	NA	NA
THU064	Thun	Aare	Alpine	11.01.18	NA	250	194	NA	2	NA	NA	NA	NA	short	notdissected	notdissected	NA	NA	NA
THU065	Thun	Aare	Alpine	11.01.18	NA	282	251	NA	3	NA	NA	NA	NA	short	notdissected	notdissected	NA	NA	NA
THU066	Thun	Aare	Alpine	16.08.17	NA	240	187	M	4	NA	NA	01.02.18	frozen	long	Brienzlig	C.albellus	3.64	-32.02	7.83
THU067	Thun	Aare	Alpine	16.08.17	NA	295	313	F	3	NA	NA	02.02.18	frozen	long	Albock	C.acrinasus	3.5	-31.68	7.41
THU068	Thun	Aare	Alpine	16.08.17	NA	245	225	F	4	NA	NA	01.02.18	frozen	long	Brienzlig	C.albellus	3.69	-32.08	7.98
THU069	Thun	Aare	Alpine	16.08.17	NA	253	223	F	4	NA	NA	08.02.18	frozen	long	Kropfer	C.profundus	3.61	-31.9	7.98
THU070	Thun	Aare	Alpine	16.08.17	NA	270	334	M	4	NA	NA	09.02.18	frozen	medium	Albock	C.acrinasus	3.38	-31.59	8.66
THU071	Thun	Aare	Alpine	16.08.17	NA	230	168	M	4	NA	NA	08.02.18	frozen	long	Felchen/Brienzlig	C.fatioi/C.albellus	3.39	-32.03	8.56
THU072	Thun	Aare	Alpine	16.08.17	NA	290	324	F	3	NA	NA	08.02.18	frozen	long	Felchen/Brienzlig	C.fatioi/C.albellus	3.41	-31.92	7.5
THU073	Thun	Aare	Alpine	16.08.17	NA	260	225	F	2	NA	NA	08.02.18	frozen	long	Balchen2	C.steinmanni	3.56	-32.2	7.51
THU074	Thun	Aare	Alpine	16.08.17	NA	255	204	M	3	NA	NA	07.02.18	frozen	long	Brienzlig	C.albellus	3.35	-31.92	8.07
THU075	Thun	Aare	Alpine	16.08.17	NA	245	186	M	4	NA	NA	07.02.18	frozen	long	Brienzlig	C.albellus	3.38	-31.93	8.73
THU076	Thun	Aare	Alpine	16.08.17	NA	245	191	F	5	NA	NA	07.02.18	frozen	long	Brienzlig	C.albellus	3.52	-32.5	7.99
THU077	Thun	Aare	Alpine	16.08.17	NA	235	185	F	5	NA	NA	05.02.18	frozen	long	Brienzlig	C.albellus	3.72	-32.56	8.08
THU078	Thun	Aare	Alpine	16.08.17	NA	275	246	F	3	NA	NA	05.02.18	frozen	long	Brienzlig	C.albellus	3.84	-32.88	7.91
THU079	Thun	Aare	Alpine	16.08.17	NA	250	221	F	5	NA	NA	02.02.18	frozen	long	Brienzlig	C.albellus	3.38	-32.28	9.25
THU080	Thun	Aare	Alpine	16.08.17	NA	250	212	F	1	NA	NA	05.02.18	frozen	long	Brienzlig	C.albellus	3.68	-32.68	9.13
THU081	Thun	Aare	Alpine	16.08.17	NA	255	261	F	2	NA	NA	05.02.18	frozen	long	Felchen	C.fatioi	3.46	-32.11	8.01
THU082	Thun	Aare	Alpine	16.08.17	NA	240	197	F	1	NA	NA	05.02.18	frozen	long	Brienzlig	C.albellus	3.34	-31.99	7.83
THU083	Thun	Aare	Alpine	16.08.17	NA	250	191	F	2	NA	NA	02.02.18	frozen	long	Brienzlig	C.albellus	3.45	-32.11	7.93
THU084	Thun	Aare	Alpine	16.08.17	NA	242	197	F	3	NA	NA	06.02.18	frozen	long	Brienzlig	C.albellus	3.4	-31.71	7.44
THU085	Thun	Aare	Alpine	16.08.17	NA	245	221	F	3	NA	NA	06.02.18	frozen	long	Brienzlig	C.albellus	4.49	-33.73	7.95
THU086	Thun	Aare	Alpine	16.08.17	NA	230	171	F	2	NA	NA	08.02.18	frozen	long	Balchen2	C.steinmanni	3.5	-32.08	7.41
THU087	Thun	Aare	Alpine	16.08.17	NA	250	233	F	3	NA	NA	06.02.18	frozen	long	Brienzlig	C.albellus	3.83	-32.72	7.92
THU088	Thun	Aare	Alpine	16.08.17	NA	247	225	F	1	NA	NA	08.02.18	frozen	long	Felchen	C.fatioi	3.37	-31.79	8.47
THU089	Thun	Aare	Alpine	11.10.17	NA	242	190	F	3	NA	NA	09.02.18	frozen	short	Kropfer	C.profundus	3.76	-31.94	7.19
THU090	Thun	Aare	Alpine	11.10.17	NA	265	222	M	4	NA	NA	09.02.18	frozen	short	Kropfer	C.profundus	3.28	-31.85	7.34
THU091	Thun	Aare	Alpine	11.10.17	NA	247	210	M	4	NA	NA	20.02.18	frozen	short	Kropfer	C.profundus	3.63	-33.75	7.23
THU092	Thun	Aare	Alpine	11.10.17	NA	250	220	M	3	NA	NA	20.02.18	frozen	short	Kropfer	C.profundus	3.39	-33.06	7.78
THU093	Thun	Aare	Alpine	11.10.17	NA	256	217	F	3	NA	NA	19.02.18	frozen	short	Kropfer	C.profundus	3.46	-32.29	9.43
THU094	Thun	Aare	Alpine	11.10.17	NA	255	203	F	3	NA	NA	19.02.18	frozen	short	Kropfer	C.profundus	3.47	-31.97	8.66
THU095	Thun	Aare	Alpine	11.10.17	NA	230	173	M	3	NA	NA	19.02.18	frozen	short	Kropfer	C.profundus	3.63	-32.78	9.61
THU096	Thun	Aare	Alpine	11.10.17	NA	245	162	M	2	NA	NA	20.02.18	frozen	long	Felchen	C.fatioi	3.26	-31.38	7.83
THU097	Thun	Aare	Alpine	11.10.17	NA	265	252	F	2	NA	NA	20.02.18	frozen	long	Albock	C.acrinasus	3.23	-31.22	7.47
THU098	Thun	Aare	Alpine	11.10.17	NA	245	198	M	3	NA	NA	20.02.18	frozen	short	Kropfer	C.profundus	3.36	-33.21	8.97
THU099	Thun	Aare	Alpine	11.10.17	NA	260	232	F	3	NA	NA	19.02.18	frozen	short	Kropfer	C.profundus	3.41	-33.39	9.55
THU100	Thun	Aare	Alpine	11.10.17	NA	260	199	M	3	NA	NA	09.02.18	frozen	short	Kropfer	C.profundus	3.21	-32.18	11.59
THU101	Thun	Aare	Alpine	11.10.17	NA	234	159	M	3	NA	NA	19.02.18	frozen	short	Kropfer	C.profundus	3.71	-33.8	8.67
THU102	Thun	Aare	Alpine	11.10.17	NA	260	301	F	4	NA	NA	13.02.18	frozen	short	Kropfer	C.profundus	3.88	-32.63	7.11
THU103	Thun	Aare	Alpine	11.10.17	NA	230	181	M	3	NA	NA	13.02.18	frozen	short	Kropfer	C.profundus	4.17	-32.25	8.17
THU104	Thun	Aare	Alpine	11.10.17	NA	285	345	F	2	NA	NA	22.02.18	frozen	short	Kropfer	C.profundus	3.6	-30.84	7.59
THU105	Thun	Aare	Alpine	11.10.17	NA	NA	174	NA	NA	NA	NA	NA	frozen	NA	notdissected	notdissected	NA	NA	NA
THU106	Thun	Aare	Alpine	11.10.17	NA	275	286	F	4	NA	NA	26.02.18	frozen	short	Kropfer	C.profundus	3.43	-32.32	6.77
THU107	Thun	Aare	Alpine	11.10.17	NA	275	260	F	3	NA	NA	26.02.18	frozen	short	Kropfer	C.profundus	3.84	-32.27	8.08
THU108	Thun	Aare	Alpine	11.10.17	NA	255	236	F	4	NA	NA	27.02.18	frozen	short	Kropfer	C.profundus	3.54	-33.2	7.4
THU109	Thun	Aare	Alpine	11.10.17	NA	275	251	F	3	NA	NA	22.02.18	frozen	short	Kropfer	C.profundus	3.94	-29.9	9.1
THU110	Thun	Aare	Alpine	11.10.17	NA	235	196	F	4	NA	NA	21.02.18	frozen	short	Kropfer	C.profundus	3.58	-30.75	11.18
THU111	Thun	Aare	Alpine	11.10.17	NA	265	263	F	2	NA	NA	21.02.18	frozen	short	Kropfer	C.profundus	3.31	-33.72	7.58
THU112	Thun	Aare	Alpine	11.10.17	NA	263	255	M	3	NA	NA	21.02.18	frozen	short	Kropfer	C.profundus	3.57	-31.57	7.43
THU113	Thun	Aare	Alpine	11.10.17	NA	250	269	F	4	NA	NA	23.02.18	frozen	short	Kropfer	C.profundus	3.4	-30.29	8.07
THU114	Thun	Aare	Alpine	11.10.17	NA	270	240	F	2	NA	NA	28.02.18	frozen	NA	Albock	C.acrinasus	3.17	-31.37	8.26
THU115	Thun	Aare	Alpine	11.10.17	NA	NA	296	NA	NA	NA	NA	NA	frozen	NA	notdissected	notdissected	NA	NA	NA
THU116	Thun	Aare	Alpine	11.10.17	NA	260	233	M	4	NA	NA	27.02.18	frozen	short	Kropfer	C.profundus	3.51	-30.62	8.71
THU117	Thun	Aare	Alpine	11.10.17	NA	260	234	M	5	NA	NA	27.02.18	frozen	short	Kropfer	C.profundus	3.48	-31.78	8.62
THU118	Thun	Aare	Alpine	11.10.17	NA	250	210	F	3	NA	NA	28.02.18	frozen	short	Kropfer	C.profundus	3.68	-32.75	8.16
THU119	Thun	Aare	Alpine	11.10.17	NA	240	184	M	4	NA	NA	26.02.18	frozen	short	Kropfer	C.profundus	3.43	-32.41	8.81
THU120	Thun	Aare	Alpine	11.10.17	NA	260	230	F	2	NA	NA	23.02.18	frozen	long	Felchen	C.fatioi	3.4	-31.61	7.69
THU121	Thun	Aare	Alpine	11.10.17	NA	253	200	M	3	NA	NA	27.02.18	frozen	short	Kropfer	C.profundus	3.23	-32.83	11.96
THU122	Thun	Aare	Alpine	11.10.17	NA	245	182	M	3	NA	NA	22.02.18	frozen	short	Kropfer	C.profundus	3.4	-32.84	8.96
THU123	Thun	Aare	Alpine	11.10.17	NA	250	209	M	4	NA	NA	22.02.18	frozen	short	Kropfer	C.profundus	3.35	-32.88	11.31
THU124	Thun	Aare	Alpine	11.10.17	NA	265	219	F	3	NA	NA	26.02.18	frozen	short	Kropfer	C.profundus	3.4	-32.18	10.96
THU125	Thun	Aare	Alpine	11.10.17	NA	253	201	M	3	NA	NA	26.02.18	frozen	short	Kropfer	C.profundus	3.5	-34.16	8.49
THU126	Thun	Aare	Alpine	11.10.17	NA	250	184	F	4	NA	NA	22.02.18	frozen	short	Kropfer	C.profundus	3.89	-31.69	10.14
THU127	Thun	Aare	Alpine	11.10.17	NA	265	223	F	3	NA	NA	21.02.18	frozen	short	Kropfer	C.profundus	3.36	-32.5	10.4
THU128	Thun	Aare	Alpine	11.10.17	NA	247	168	NA	3	NA	NA	23.02.18	frozen	short	Kropfer	C.profundus	3.19	-33.21	11.5
THU129	Thun	Aare	Alpine	11.01.18	NA	NA	243	NA	NA	NA	NA	NA	frozen	NA	notdissected	notdissected	NA	NA	NA
THU130	Thun	Aare	Alpine	11.01.18	NA	NA	214	NA	NA	NA	NA	NA	frozen	NA	notdissected	notdissected	NA	NA	NA
THU131	Thun	Aare	Alpine	11.01.18	NA	NA	201	NA	NA	NA	NA	NA	frozen	NA	notdissected	notdissected	NA	NA	NA
THU132	Thun	Aare	Alpine	11.01.18	NA	265	216	M	3	NA	NA	01.03.18	frozen	NA	Albock	C.acrinasus	3.24	-31.16	8
THU133	Thun	Aare	Alpine	11.01.18	NA	256	201	M	3	NA	NA	01.03.18	frozen	long	Brienzlig	C.albellus	3.67	-32.14	8.28
THU134	Thun	Aare	Alpine	11.01.18	NA	262	200	M	3	NA	NA	04.02.19	frozen	NA	Albock	C.acrinasus	3.24	-31.17	7.64
THU135	Thun	Aare	Alpine	11.01.18	NA	NA	180	NA	NA	NA	NA	NA	frozen	NA	notdissected	notdissected	NA	NA	NA
THU136	Thun	Aare	Alpine	11.01.18	NA	255	214	F	3	NA	NA	01.03.18	frozen	long	Felchen	C.fatioi	3.52	-32.35	8.69
THU137	Thun	Aare	Alpine	11.01.18	NA	245	192	M	4	NA	NA	01.03.18	frozen	long	Brienzlig	C.albellus	3.44	-32.01	8.41
THU138	Thun	Aare	Alpine	11.01.18	NA	NA	203	NA	NA	NA	NA	NA	frozen	NA	notdissected	notdissected	NA	NA	NA
THU139	Thun	Aare	Alpine	11.01.18	NA	255	194	M	NA	NA	NA	28.02.18	frozen	long	Brienzlig	C.albellus	3.25	-31.78	8.34
THU140	Thun	Aare	Alpine	11.01.18	NA	265	225	F	2	NA	NA	28.02.18	frozen	long	Brienzlig	C.albellus	3.49	-32.27	8.34
THU141	Thun	Aare	Alpine	11.01.18	NA	256	200	M	2	NA	NA	04.01.19	frozen	NA	Albock	C.acrinasus	3.36	-30.71	7.44
THU142	Thun	Aare	Alpine	11.01.18	NA	282	274	M	3	NA	NA	04.01.19	frozen	NA	Albock	C.acrinasus	3.27	-31.09	7.77
THU143	Thun	Aare	Alpine	11.01.18	NA	290	273	M	2	NA	NA	01.03.18	frozen	long	Albock	C.acrinasus	3.53	-31.31	7.44
THU144	Thun	Aare	Alpine	11.01.18	NA	254	189	M	4	NA	NA	02.03.18	frozen	long	Brienzlig	C.albellus	3.47	-32.03	8.61
THU145	Thun	Aare	Alpine	11.01.18	NA	NA	228	NA	NA	NA	NA	NA	frozen	NA	notdissected	notdissected	NA	NA	NA
THU146	Thun	Aare	Alpine	11.01.18	NA	NA	232	M	NA	NA	NA	02.03.18	frozen	long	Albock	C.acrinasus	3.35	-31.42	7.27
THU147	Thun	Aare	Alpine	11.01.18	NA	245	174	F	4	NA	NA	28.02.18	frozen	long	Albock	C.acrinasus	3.28	-31.6	7.82
THU148	Thun	Aare	Alpine	11.01.18	NA	NA	191	NA	NA	NA	NA	NA	frozen	NA	notdissected	notdissected	NA	NA	NA
THU149	Thun	Aare	Alpine	11.01.18	NA	256	186	M	2	NA	NA	04.01.19	frozen	NA	Albock	C.acrinasus	3.34	-31.1	7.81
THU150	Thun	Aare	Alpine	11.01.18	NA	NA	258	NA	NA	NA	NA	NA	frozen	NA	notdissected	notdissected	NA	NA	NA
THU151	Thun	Aare	Alpine	11.01.18	NA	259	193	M	2	NA	NA	03.01.19	frozen	NA	Albock	C.acrinasus	3.68	-32.11	7.41
THU152	Thun	Aare	Alpine	11.01.18	NA	260	215	M	3	NA	NA	03.01.19	frozen	NA	Albock	C.acrinasus	3.61	-31.68	7.41
THU153	Thun	Aare	Alpine	11.01.18	NA	NA	178	NA	NA	NA	NA	NA	frozen	NA	notdissected	notdissected	NA	NA	NA
THU154	Thun	Aare	Alpine	11.01.18	NA	254	207	F	5	NA	NA	01.02.19	frozen	NA	Brienzlig	C.albellus	3.73	-32.49	7.61
THU155	Thun	Aare	Alpine	11.01.18	NA	264	219	M	2	NA	NA	03.01.19	frozen	NA	Albock	C.acrinasus	3.37	-31.27	7.5
THU156	Thun	Aare	Alpine	11.01.18	NA	257	293	M	3	NA	NA	20.12.18	frozen	NA	Albock	C.acrinasus	3.4	-31.19	7.36
THU157	Thun	Aare	Alpine	11.01.18	NA	279	228	M	3	NA	NA	21.12.18	frozen	NA	Albock	C.acrinasus	3.55	-31.78	6.09
THU158	Thun	Aare	Alpine	11.01.18	NA	NA	243	M	3	NA	NA	02.03.18	frozen	long	Balchen2	C.steinmanni	3.38	-31.17	6.28
THU159	Thun	Aare	Alpine	11.01.18	NA	280	247	M	3	NA	NA	05.03.18	frozen	long	Albock	C.acrinasus	3.37	-30.89	6.94
THU160	Thun	Aare	Alpine	11.01.18	NA	255	213	F	3	NA	NA	05.03.18	frozen	long	Brienzlig	C.albellus	3.78	-32.39	7.56
THU161	Thun	Aare	Alpine	11.01.18	NA	265	222	M	4	NA	NA	06.03.18	frozen	long	Albock	C.acrinasus	3.48	-31.39	7.29
THU162	Thun	Aare	Alpine	11.01.18	NA	255	296	M	3	NA	NA	07.03.18	frozen	long	Albock	C.acrinasus	3.39	-31.34	7.28
THU163	Thun	Aare	Alpine	11.01.18	NA	265	205	M	3	NA	NA	07.03.18	frozen	short	Kropfer	C.profundus	3.61	-31.28	7.29
THU164	Thun	Aare	Alpine	11.01.18	NA	258	208	F	3	NA	NA	06.03.18	frozen	short	Kropfer	C.profundus	3.26	-32.91	6.17
THU165	Thun	Aare	Alpine	11.01.18	NA	250	193	F	3	NA	NA	07.03.18	frozen	short	Kropfer	C.profundus	3.32	-33.03	7.9
THU166	Thun	Aare	Alpine	11.01.18	NA	275	238	F	3	NA	NA	06.03.18	frozen	short	Kropfer	C.profundus	3.13	-32.07	7
THU167	Thun	Aare	Alpine	11.01.18	NA	290	288	F	4	NA	NA	02.03.18	frozen	short	Kropfer	C.profundus	3.52	-32.41	6.47
THU168	Thun	Aare	Alpine	11.01.18	NA	270	226	M	3	NA	NA	02.03.18	frozen	short	Kropfer	C.profundus	3.54	-31.04	7.26
THU169	Thun	Aare	Alpine	11.01.18	NA	270	237	F	2	NA	NA	06.03.18	frozen	short	Kropfer	C.profundus	4.21	-32.91	6.92
THU170	Thun	Aare	Alpine	11.01.18	NA	240	184	M	4	NA	NA	05.03.18	frozen	short	Kropfer	C.profundus	3.5	-33.62	7.39
THU171	Thun	Aare	Alpine	11.01.18	NA	250	213	M	3	NA	NA	06.03.18	frozen	short	Kropfer	C.profundus	3.52	-33.04	7.7
THU172	Thun	Aare	Alpine	11.01.18	NA	263	224	M	4	NA	NA	05.03.18	frozen	short	Kropfer	C.profundus	3.85	-32.37	8.03
THU173	Thun	Aare	Alpine	11.01.18	NA	260	230	M	3	NA	NA	07.03.18	frozen	short	Kropfer	C.profundus	3.62	-31.75	7.43
THU174	Thun	Aare	Alpine	11.01.18	NA	260	206	M	2	NA	NA	06.03.18	frozen	short	Kropfer	C.profundus	3.42	-30.64	7.72
THU175	Thun	Aare	Alpine	16.08.17	NA	355	580	F	4	NA	NA	07.03.18	frozen	short	Balchen2	C.steinmanni	3.4	-30.98	7.83
THU176	Thun	Aare	Alpine	16.08.17	NA	315	483	M	2	NA	NA	09.03.18	frozen	long	Balchen2	C.steinmanni	3.74	-32.32	7.55
THU177	Thun	Aare	Alpine	16.08.17	NA	335	617	F	2	NA	NA	15.03.18	frozen	long	Balchen2	C.steinmanni	3.53	-31.96	6.55
THU178	Thun	Aare	Alpine	16.08.17	NA	385	782	F	3	NA	NA	12.03.18	frozen	long	Albock	C.acrinasus	3.87	-32.75	6.84
THU179	Thun	Aare	Alpine	16.08.17	NA	350	619	F	4	NA	NA	14.03.18	frozen	long	Balchen2	C.steinmanni	3.94	-32.89	7.44
THU180	Thun	Aare	Alpine	16.08.17	NA	333	492	M	4	NA	NA	13.03.18	frozen	long	Albock	C.acrinasus	3.76	-32.5	6.9
THU181	Thun	Aare	Alpine	16.08.17	NA	380	893	F	5	NA	NA	22.03.18	frozen	long	Balchen2	C.steinmanni	4.26	-33.67	7.94
THU182	Thun	Aare	Alpine	16.08.17	NA	370	447	M	2	NA	NA	15.03.18	frozen	short	Balchen1	C.alpinus	3.48	-31.41	6.91
THU183	Thun	Aare	Alpine	16.08.17	NA	300	365	F	2	NA	NA	12.03.18	frozen	short	Albock	C.acrinasus	3.27	-30.74	7.4
THU184	Thun	Aare	Alpine	16.08.17	NA	350	713	M	2	NA	NA	15.03.18	frozen	short	Balchen2	C.steinmanni	3.72	-30.89	8.01
THU185	Thun	Aare	Alpine	16.08.17	NA	325	532	F	1	NA	NA	14.03.18	frozen	long	Balchen2	C.steinmanni	4.12	-33.2	6.98
THU186	Thun	Aare	Alpine	16.08.17	NA	330	549	F	4	NA	NA	12.03.18	frozen	long	Albock	C.acrinasus	3.46	-32.08	7.5
THU187	Thun	Aare	Alpine	16.08.17	NA	371	715	F	5	NA	NA	12.03.18	frozen	long	Albock	C.acrinasus	3.52	-30.78	7.32
THU188	Thun	Aare	Alpine	16.08.17	NA	330	485	F	4	NA	NA	13.03.18	frozen	long	Balchen2	C.steinmanni	3.71	-32.43	8.11
THU189	Thun	Aare	Alpine	16.08.17	NA	355	831	M	5	NA	NA	16.03.18	frozen	long	Balchen2	C.steinmanni	3.78	-33.03	7.28
THU190	Thun	Aare	Alpine	16.08.17	NA	280	296	F	3	NA	NA	08.03.18	frozen	long	Balchen2	C.steinmanni	3.4	-31.72	6.94
THU191	Thun	Aare	Alpine	16.08.17	NA	315	440	F	4	NA	NA	09.03.18	frozen	long	Albock	C.acrinasus	3.47	-32.11	7.51
THU192	Thun	Aare	Alpine	16.08.17	NA	265	243	F	4	NA	NA	08.03.18	frozen	long	Albock	C.acrinasus	3.3	-31.51	7.1
THU193	Thun	Aare	Alpine	16.08.17	NA	280	260	F	2	NA	NA	08.03.18	frozen	long	Albock	C.acrinasus	3.37	-32.04	7.25
THU194	Thun	Aare	Alpine	16.08.17	NA	340	580	F	3	NA	NA	08.03.18	frozen	long	Albock	C.acrinasus	3.84	-31.17	7.91
THU195	Thun	Aare	Alpine	16.08.17	NA	NA	1162	F	6	NA	NA	08.03.18	frozen	short	Balchen1	C.alpinus	3.83	-31.09	7.57
THU196	Thun	Aare	Alpine	16.08.17	NA	362	662	M	3	NA	NA	09.03.18	frozen	long	Balchen2	C.steinmanni	3.93	-33.17	7.56
THU197	Thun	Aare	Alpine	16.08.17	NA	345	599	F	6	NA	NA	09.03.18	frozen	short	Balchen2	C.steinmanni	3.46	-31.93	7.79
THU198	Thun	Aare	Alpine	NA	NA	329	621	F	4	NA	NA	20.06.19	frozen	long	Balchen2	C.steinmanni	3.44	-32.21	7.67
THU199	Thun	Aare	Alpine	NA	NA	391	882	F	5	NA	NA	20.06.19	frozen	long	Albock	C.acrinasus	4.26	-33.9	7.42
THU200	Thun	Aare	Alpine	NA	NA	364	727	F	4	NA	NA	21.06.19	frozen	long	Balchen2	C.steinmanni	3.75	-31.46	7.42
BRZ001	Brienz	Aare	Alpine	17.07.17	NA	240	141	F	1	NA	NA	27.11.18	frozen	NA	Balchen2	C.brienzii	3.81	-32.58	5.86
BRZ002	Brienz	Aare	Alpine	17.07.17	NA	245	141	F	2	NA	NA	23.03.18	frozen	NA	Felchen	C.fatioi	3.28	-31.41	6.91
BRZ003	Brienz	Aare	Alpine	17.07.17	NA	255	NA	F	1	NA	NA	21.07.17	fresh	NA	Balchen2	C.brienzii	NA	NA	NA
BRZ004	Brienz	Aare	Alpine	17.07.17	NA	235	139	M	1	NA	NA	28.11.18	frozen	NA	Balchen2/Felchen	C.brienzii/C.fatioi	3.59	-30.18	6.81
BRZ005	Brienz	Aare	Alpine	17.07.17	NA	265	206	F	3	NA	NA	29.11.18	frozen	NA	Felchen	C.fatioi	3.36	-29.11	6.29
BRZ006	Brienz	Aare	Alpine	17.07.17	NA	275	205	F	2	NA	NA	26.11.18	frozen	NA	Felchen	C.fatioi	3.33	-31.95	7.01
BRZ007	Brienz	Aare	Alpine	17.07.17	NA	250	NA	NA	NA	NA	NA	NA	frozen	long	NA	NA	NA	NA	NA
BRZ008	Brienz	Aare	Alpine	17.07.17	NA	220	110	M	2	NA	NA	27.11.18	frozen	long	Felchen	C.fatioi	3.42	-30.92	5.92
BRZ009	Brienz	Aare	Alpine	17.07.17	NA	245	NA	NA	NA	NA	NA	NA	frozen	long	NA	NA	NA	NA	NA
BRZ010	Brienz	Aare	Alpine	17.07.17	NA	245	NA	NA	NA	NA	NA	NA	frozen	long	NA	NA	NA	NA	NA
BRZ011	Brienz	Aare	Alpine	17.07.17	NA	220	124	F	1	NA	NA	23.03.18	frozen	long	Balchen2	C.brienzii	3.34	-31.47	6.45
BRZ012	Brienz	Aare	Alpine	17.07.17	NA	230	NA	NA	NA	NA	NA	NA	frozen	long	NA	NA	NA	NA	NA
BRZ013	Brienz	Aare	Alpine	17.07.17	NA	210	108	F	2	NA	NA	29.11.18	frozen	long	Balchen2/Felchen	C.brienzii/C.fatioi	3.87	-25.92	7.18
BRZ014	Brienz	Aare	Alpine	17.07.17	NA	120	NA	M	1	NA	NA	24.07.17	frozen	NA	Brienzlig	C.albellus	NA	NA	NA
BRZ015	Brienz	Aare	Alpine	17.07.17	NA	130	29	F	1	NA	NA	05.12.18	frozen	NA	Brienzlig	C.albellus	3.43	-31.9	6.7
BRZ016	Brienz	Aare	Alpine	17.07.17	NA	135	NA	NA	NA	NA	NA	NA	frozen	NA	NA	NA	NA	NA	NA
BRZ017	Brienz	Aare	Alpine	17.07.17	NA	115	NA	NA	NA	NA	NA	NA	frozen	NA	NA	NA	NA	NA	NA
BRZ018	Brienz	Aare	Alpine	17.07.17	NA	132	NA	NA	NA	NA	NA	NA	frozen	NA	NA	NA	NA	NA	NA
BRZ019	Brienz	Aare	Alpine	17.07.17	NA	127	20	M	1	NA	NA	30.11.18	frozen	NA	Brienzlig	C.albellus	3.32	-31.85	6.21
BRZ020	Brienz	Aare	Alpine	17.07.17	NA	117	15	F	1	NA	NA	04.12.18	frozen	long	Brienzlig	C.albellus	3.41	-31.94	6.89
BRZ021	Brienz	Aare	Alpine	17.07.17	NA	120	NA	F	1	NA	NA	24.07.17	frozen	long	Balchen2/Felchen	C.brienzii/C.fatioi	NA	NA	NA
BRZ022	Brienz	Aare	Alpine	17.07.17	NA	117	NA	NA	NA	NA	NA	NA	frozen	long	NA	NA	NA	NA	NA
BRZ023	Brienz	Aare	Alpine	17.07.17	NA	115	13	F	1	NA	NA	30.11.18	frozen	long	Brienzlig	C.albellus	3.3	-31.55	7.01
BRZ024	Brienz	Aare	Alpine	17.07.17	NA	120	NA	NA	NA	NA	NA	NA	frozen	long	NA	NA	NA	NA	NA
BRZ025	Brienz	Aare	Alpine	17.07.17	NA	130	21	F	1	NA	NA	08.01.19	frozen	long	Brienzlig	C.albellus	3.25	-31.67	6.85
BRZ026	Brienz	Aare	Alpine	17.07.17	NA	125	20	M	1	NA	NA	09.01.19	frozen	long	Brienzlig	C.albellus	3.29	-31.88	6.86
BRZ027	Brienz	Aare	Alpine	17.07.17	NA	115	14	NA	1	NA	NA	08.01.19	frozen	long	Brienzlig	C.albellus	3.3	-31.66	6.87
BRZ028	Brienz	Aare	Alpine	17.07.17	NA	125	20	M	1	NA	NA	10.01.19	frozen	long	Brienzlig	C.albellus	3.27	-31.75	6.66
BRZ029	Brienz	Aare	Alpine	17.07.17	NA	130	22	F	1	NA	NA	10.01.19	frozen	long	Brienzlig	C.albellus	3.29	-31.51	7.42
BRZ030	Brienz	Aare	Alpine	17.07.17	NA	145	23	M	1	NA	NA	03.12.18	frozen	long	Brienzlig	C.albellus	3.21	-31.69	7.39
BRZ031	Brienz	Aare	Alpine	17.07.17	NA	130	22	M	1	NA	NA	30.11.18	frozen	long	Brienzlig	C.albellus	3.21	-31.41	7.33
BRZ032	Brienz	Aare	Alpine	17.07.17	NA	145	28	F	1	NA	NA	04.12.18	frozen	long	Brienzlig	C.albellus	3.32	-31.86	7.26
BRZ033	Brienz	Aare	Alpine	17.07.17	NA	125	19	M	1	NA	NA	04.12.18	frozen	long	Brienzlig	C.albellus	3.23	-31.59	7.2
BRZ034	Brienz	Aare	Alpine	17.07.17	NA	135	23	M	2	NA	NA	11.01.19	frozen	long	Brienzlig	C.albellus	3.23	-31.86	6.97
BRZ035	Brienz	Aare	Alpine	17.07.17	NA	135	27	F	1	NA	NA	03.12.18	frozen	long	Felchen	C.fatioi	3.38	-27.75	7.42
BRZ036	Brienz	Aare	Alpine	17.07.17	NA	135	21	F	1	NA	NA	05.12.18	frozen	long	Brienzlig	C.albellus	3.28	-31.71	6.96
BRZ037	Brienz	Aare	Alpine	17.07.17	NA	150	36	F	2	NA	NA	09.01.19	frozen	long	Brienzlig	C.albellus	3.27	-26.44	7.96
BRZ038	Brienz	Aare	Alpine	17.07.17	NA	140	NA	NA	NA	NA	NA	NA	frozen	long	NA	NA	NA	NA	NA
BRZ039	Brienz	Aare	Alpine	17.07.17	NA	130	27	F	1	NA	NA	11.01.19	frozen	long	Brienzlig	C.albellus	3.22	-32.04	6.7
BRZ040	Brienz	Aare	Alpine	17.07.17	NA	140	NA	NA	1	NA	NA	19.07.17	fresh	long	Brienzlig	C.albellus	NA	NA	NA
BRZ041	Brienz	Aare	Alpine	17.07.17	NA	115	NA	NA	1	NA	NA	19.07.17	fresh	long	Brienzlig	C.albellus	NA	NA	NA
BRZ042	Brienz	Aare	Alpine	17.07.17	NA	115	NA	NA	NA	NA	NA	NA	frozen	long	NA	NA	NA	NA	NA
BRZ043	Brienz	Aare	Alpine	17.07.17	NA	275	NA	F	3	NA	NA	20.07.17	fresh	short	Balchen1	C.alpinus	NA	NA	NA
BRZ044	Brienz	Aare	Alpine	16.08.17	NA	275	264	F	3	NA	NA	22.03.18	frozen	short	Balchen1	C.alpinus	3.3	-20.31	7.93
BRZ045	Brienz	Aare	Alpine	16.08.17	NA	340	561	M	4	NA	NA	22.03.18	frozen	short	Balchen1	C.alpinus	3.32	-22.5	12.03
BRZ046	Brienz	Aare	Alpine	14.12.17	NA	NA	NA	M	2	NA	NA	23.03.18	frozen	short	Balchen1	C.alpinus	3.37	-25.52	7.54
BRZ047	Brienz	Aare	Alpine	14.12.17	NA	242	179	M	2	NA	NA	26.03.18	frozen	short	Balchen1	C.alpinus	3.37	-25.48	13.95
BRZ048	Brienz	Aare	Alpine	14.12.17	NA	234	126	M	2	NA	NA	26.03.18	frozen	short	Balchen1	C.alpinus	3.31	-29.6	5.58
BRZ049	Brienz	Aare	Alpine	14.12.17	NA	268	242	F	3	NA	NA	26.03.18	frozen	short	Balchen1	C.alpinus	3.23	-23.29	8.34
BRZ050	Brienz	Aare	Alpine	14.12.17	NA	243	170	M	2	NA	NA	26.03.18	frozen	short	Balchen1	C.alpinus	3.33	-24.99	7.37
BRZ051	Brienz	Aare	Alpine	14.12.17	NA	275	243	F	2	NA	NA	23.03.18	frozen	short	Balchen1	C.alpinus	3.25	-25.12	7.77
BRZ052	Brienz	Aare	Alpine	14.12.17	NA	246	163	M	1	NA	NA	26.03.18	frozen	long	Felchen	C.fatioi	3.29	-31.03	6.38
BRZ053	Brienz	Aare	Alpine	14.12.17	NA	233	135	M	1	NA	NA	26.03.18	frozen	long	Felchen	C.fatioi	3.31	-31.44	6.63
BRZ054	Brienz	Aare	Alpine	14.12.17	NA	188	81	M	1	NA	NA	27.03.18	frozen	long	Felchen	C.fatioi	3.2	-28.45	6.05
BRZ055	Brienz	Aare	Alpine	14.12.17	NA	196	89	F	1	NA	NA	27.03.18	frozen	long	Felchen	C.fatioi	3.24	-31.11	6.56
BRZ056	Brienz	Aare	Alpine	14.12.17	NA	230	148	F	1	NA	NA	27.03.18	frozen	long	Felchen	C.fatioi	3.27	-31.32	5.96
BRZ057	Brienz	Aare	Alpine	14.12.17	NA	235	149	F	1	NA	NA	27.03.18	frozen	long	Balchen2	C.brienzii	3.34	-31.32	6.75
BRZ058	Brienz	Aare	Alpine	14.12.17	NA	237	139	F	2	NA	NA	27.03.18	frozen	long	Felchen	C.fatioi	3.19	-31.06	6.41
BRZ059	Brienz	Aare	Alpine	14.12.17	NA	231	144	F	1	NA	NA	28.03.18	frozen	short	Balchen2	C.brienzii	3.22	-31.32	6.58
BRZ060	Brienz	Aare	Alpine	14.12.17	NA	340	535	M	4	NA	NA	28.03.18	frozen	short	Balchen1	C.alpinus	3.27	-20.49	8.1
BRZ061	Brienz	Aare	Alpine	14.12.17	NA	135	29	M	1	NA	NA	28.03.18	frozen	long	Brienzlig	C.albellus	3.28	-31.54	7.14
BRZ062	Brienz	Aare	Alpine	14.12.17	NA	122	23	F	NA	NA	NA	28.03.18	frozen	long	Brienzlig	C.albellus	3.21	-31.29	7.5
BRZ063	Brienz	Aare	Alpine	14.12.17	NA	109	20	M	NA	NA	NA	28.03.18	frozen	long	Brienzlig	C.albellus	3.23	-31.01	6.73
BRZ064	Brienz	Aare	Alpine	14.12.17	NA	130	25	M	1	NA	NA	28.03.18	frozen	long	Brienzlig	C.albellus	3.23	-31.5	7.5
BRZ065	Brienz	Aare	Alpine	14.12.17	NA	141	28	F	1	NA	NA	29.03.18	frozen	long	Brienzlig	C.albellus	3.22	-29.87	7.68
BRZ066	Brienz	Aare	Alpine	14.12.17	NA	131	22	M	2	NA	NA	29.03.18	frozen	long	Brienzlig	C.albellus	3.19	-30.95	7.11
BRZ067	Brienz	Aare	Alpine	14.12.17	NA	120	20	M	NA	NA	NA	29.03.18	frozen	long	Brienzlig	C.albellus	3.24	-31.28	6.78
BRZ068	Brienz	Aare	Alpine	14.12.17	NA	135	26	M	2	NA	NA	29.03.18	frozen	long	Brienzlig	C.albellus	3.2	-31.31	6.78
BRZ069	Brienz	Aare	Alpine	14.12.17	NA	133	23	M	1	NA	NA	29.03.18	frozen	long	Brienzlig	C.albellus	3.22	-31.3	6.71
BRZ070	Brienz	Aare	Alpine	14.12.17	NA	138	25	M	1	NA	NA	29.03.18	frozen	long	Brienzlig	C.albellus	3.13	-31.12	7.47
BRZ071	Brienz	Aare	Alpine	14.12.17	NA	118	17	M	1	NA	NA	29.03.18	frozen	long	Brienzlig	C.albellus	3.23	-31	6.81
BRZ072	Brienz	Aare	Alpine	14.12.17	NA	133	28	F	1	NA	NA	29.03.18	frozen	long	Brienzlig	C.albellus	3.12	-31.08	6.81
BRZ073	Brienz	Aare	Alpine	14.12.17	NA	146	31	M	2	NA	NA	29.03.18	frozen	long	Brienzlig	C.albellus	3.15	-31.57	7.13
BRZ074	Brienz	Aare	Alpine	14.12.17	NA	232	126	F	1	NA	NA	13.11.18	frozen	long	Felchen	C.fatioi	3.22	-31	6.76
BRZ075	Brienz	Aare	Alpine	14.12.17	NA	240	120	F	1	NA	NA	12.11.18	frozen	long	Felchen	C.fatioi	3.24	-31.3	6.42
BRZ076	Brienz	Aare	Alpine	14.12.17	NA	231	159	F	1	NA	NA	22.10.18	frozen	long	Felchen	C.fatioi	3.12	-31.07	6.78
BRZ077	Brienz	Aare	Alpine	14.12.17	NA	241	147	F	2	NA	NA	20.11.18	frozen	long	Felchen	C.fatioi	3.12	-30.91	6.62
BRZ078	Brienz	Aare	Alpine	14.12.17	NA	234	139	NA	3	NA	NA	24.10.18	frozen	long	Felchen	C.fatioi	3.24	-31.08	6.44
BRZ079	Brienz	Aare	Alpine	14.12.17	NA	246	156	F	1	NA	NA	14.11.18	frozen	long	Felchen	C.fatioi	3.21	-30.75	6.04
BRZ080	Brienz	Aare	Alpine	14.12.17	NA	237	134	F	2	NA	NA	23.10.18	frozen	long	Felchen	C.fatioi	3.19	-30.51	6.03
BRZ081	Brienz	Aare	Alpine	14.12.17	NA	238	142	F	1	NA	NA	08.11.18	frozen	long	Balchen2	C.brienzii	3.7	-31.71	6.7
BRZ082	Brienz	Aare	Alpine	14.12.17	NA	241	135	F	2	NA	NA	12.11.18	frozen	long	Felchen	C.fatioi	3.24	-29.48	5.89
BRZ083	Brienz	Aare	Alpine	14.12.17	NA	243	203	F	2	NA	NA	05.11.18	frozen	long	Felchen	C.fatioi	3.3	-30.75	6.58
BRZ084	Brienz	Aare	Alpine	14.12.17	NA	241	168	F	2	NA	NA	13.11.18	frozen	short	Balchen2	C.brienzii	3.38	-31.1	6.91
BRZ085	Brienz	Aare	Alpine	14.12.17	NA	233	145	F	1	NA	NA	18.11.18	frozen	short	Balchen2	C.brienzii	3.37	-31.54	6.51
BRZ086	Brienz	Aare	Alpine	14.12.17	NA	246	187	F	2	NA	NA	21.11.18	frozen	short	Balchen2	C.brienzii	3.48	-31.61	5.64
BRZ087	Brienz	Aare	Alpine	14.12.17	NA	236	179	F	1	NA	NA	19.11.18	frozen	short	Balchen2	C.brienzii	3.31	-31.18	6.3
BRZ088	Brienz	Aare	Alpine	14.12.17	NA	239	165	F	2	NA	NA	29.10.18	frozen	short	Balchen2	C.brienzii	3.29	-31.35	6.78
BRZ089	Brienz	Aare	Alpine	14.12.17	NA	239	193	F	2	NA	NA	21.11.18	frozen	short	Felchen	C.fatioi	3.51	-31.46	6.9
BRZ090	Brienz	Aare	Alpine	14.12.17	NA	134	140	F	2	NA	NA	07.11.18	frozen	short	Balchen2	C.brienzii	3.41	-31.31	6.24
BRZ091	Brienz	Aare	Alpine	14.12.17	NA	231	161	F	2	NA	NA	30.10.18	frozen	long	Felchen	C.fatioi	3.34	-31.16	5.84
BRZ092	Brienz	Aare	Alpine	14.12.17	NA	246	157	F	2	NA	NA	29.10.18	frozen	short	Balchen2	C.brienzii	3.35	-31.08	6.34
BRZ093	Brienz	Aare	Alpine	14.12.17	NA	237	172	F	2	NA	NA	06.11.18	frozen	long	Felchen	C.fatioi	3.37	-31.31	6.88
BRZ094	Brienz	Aare	Alpine	14.12.17	NA	236	140	M	1	NA	NA	14.11.18	frozen	long	Felchen	C.fatioi	3.54	-31.73	6.81
BRZ095	Brienz	Aare	Alpine	14.12.17	NA	262	185	M	3	NA	NA	30.10.18	frozen	long	Balchen2	C.brienzii	3.4	-31.59	6.63
BRZ096	Brienz	Aare	Alpine	14.12.17	NA	216	120	F	1	NA	NA	20.11.18	frozen	long	Felchen	C.fatioi	3.44	-27.73	6.13
BRZ097	Brienz	Aare	Alpine	14.12.17	NA	233	144	F	2	NA	NA	05.11.18	frozen	long	Felchen	C.fatioi	NA	NA	NA
BRZ098	Brienz	Aare	Alpine	14.12.17	NA	229	128	F	2	NA	NA	22.10.18	frozen	long	Felchen	C.fatioi	3.3	-31.34	6.47
BRZ099	Brienz	Aare	Alpine	14.12.17	NA	231	146	F	1	NA	NA	19.11.18	frozen	long	Felchen	C.fatioi	3.5	-31.59	6.88
BRZ100	Brienz	Aare	Alpine	14.12.17	NA	241	147	M	3	NA	NA	20.11.18	frozen	long	Felchen	C.fatioi	3.64	-31.94	6.32
BRZ101	Brienz	Aare	Alpine	14.12.17	NA	233	137	F	3	NA	NA	06.11.18	frozen	long	Felchen	C.fatioi	3.48	-32.02	7.12
BRZ102	Brienz	Aare	Alpine	14.12.17	NA	234	165	F	2	NA	NA	06.11.18	frozen	long	Felchen	C.fatioi	4.32	-33.5	6.16
BRZ103	Brienz	Aare	Alpine	14.12.17	NA	129	149	F	2	NA	NA	23.10.18	frozen	long	Felchen	C.fatioi	3.42	-31.48	6.3
BRZ104	Brienz	Aare	Alpine	14.12.17	NA	236	164	M	2	NA	NA	14.11.18	frozen	long	Felchen	C.fatioi	3.58	-31.81	6.95
BRZ105	Brienz	Aare	Alpine	16.08.17	NA	257	190	M	3	NA	NA	17.12.18	frozen	long	Felchen	C.fatioi	3.51	-31.28	6.71
BRZ106	Brienz	Aare	Alpine	16.08.17	NA	217	127	M	1	NA	NA	17.12.18	frozen	short	Balchen2	C.brienzii	3.47	-31.15	6.68
BRZ107	Brienz	Aare	Alpine	16.08.17	NA	238	172	M	2	NA	NA	14.12.18	frozen	long	Felchen	C.fatioi	3.45	-31.39	6.79
BRZ108	Brienz	Aare	Alpine	16.08.17	NA	225	135	M	1	NA	NA	10.12.18	frozen	long	Felchen	C.fatioi	3.42	-32.2	5.84
BRZ109	Brienz	Aare	Alpine	16.08.17	NA	231	143	M	1	NA	NA	13.12.18	frozen	short	Felchen	C.fatioi	3.59	-31.63	6.85
BRZ110	Brienz	Aare	Alpine	16.08.17	NA	232	142	M	1	NA	NA	07.12.18	frozen	long	Felchen	C.fatioi	4.02	-32.45	6.61
BRZ111	Brienz	Aare	Alpine	16.08.17	NA	228	133	M	2	NA	NA	12.12.18	frozen	long	Felchen	C.fatioi	3.63	-32.01	6.63
BRZ112	Brienz	Aare	Alpine	16.08.17	NA	257	173	F	4	NA	NA	07.12.18	frozen	long	Felchen	C.fatioi	3.39	-31.7	7.15
BRZ113	Brienz	Aare	Alpine	16.08.17	NA	243	150	F	2	NA	NA	11.12.18	frozen	long	Brienzlig	C.albellus	3.27	-30.51	6.65
BRZ114	Brienz	Aare	Alpine	16.08.17	NA	220	123	M	2	NA	NA	18.12.18	frozen	long	Balchen2/Felchen	C.brienzii/C.fatioi	3.29	-31.24	6.41
BRZ115	Brienz	Aare	Alpine	16.08.17	NA	207	114	F	3	NA	NA	12.12.18	frozen	long	Balchen2/Felchen	C.brienzii/C.fatioi	3.3	-31.41	6.24
BRZ116	Brienz	Aare	Alpine	16.08.17	NA	213	120	M	3	NA	NA	13.12.18	frozen	long	Balchen2/Felchen	C.brienzii/C.fatioi	3.5	-31.28	6.39
BRZ117	Brienz	Aare	Alpine	16.08.17	NA	224	133	M	2	NA	NA	18.12.18	frozen	long	Felchen	C.fatioi	3.39	-31.42	6.28
BRZ118	Brienz	Aare	Alpine	16.08.17	NA	232	151	F	2	NA	NA	10.12.18	frozen	long	Balchen2	C.brienzii	3.51	-32.64	5.81
BRZ119	Brienz	Aare	Alpine	16.08.17	NA	242	152	F	3	NA	NA	06.12.18	frozen	short	Balchen2	C.brienzii	3.43	-32.11	7.36
LAN001	Langfjordvatn	Tana	Arctic	09.09.17	NA	244	138	NA	10	NA	NA	09.09.17	fresh	NA	L	L	NA	NA	NA
LAN003	Langfjordvatn	Tana	Arctic	05.01.18	NA	145	33	F	5	NA	NA	05.01.18	frozen	NA	P	NA	NA	NA	NA
LAN004	Langfjordvatn	Tana	Arctic	06.12.17	NA	156	40	F	5	NA	NA	06.12.17	frozen	NA	P	NA	NA	NA	NA
LAN005	Langfjordvatn	Tana	Arctic	17.09.17	NA	173	50	M	4	NA	NA	17.09.17	frozen	NA	P	NA	3.29	-30.82	8.29
LAN008	Langfjordvatn	Tana	Arctic	10.01.17	NA	167	51	M	5	NA	NA	10.01.17	frozen	NA	P	NA	3.37	-31.59	8.89
LAN009	Langfjordvatn	Tana	Arctic	08.01.18	NA	140	29	F	3	NA	NA	08.01.18	frozen	NA	P	NA	3.4	-32.22	10.91
LAN010	Langfjordvatn	Tana	Arctic	10.01.18	NA	145	29	M	6	NA	NA	10.01.18	frozen	NA	P	NA	3.26	-32.11	10.56
LAN013	Langfjordvatn	Tana	Arctic	09.09.17	NA	185	72	NA	8	NA	NA	09.09.17	fresh	NA	P	P	NA	NA	NA
LAN014	Langfjordvatn	Tana	Arctic	15.09.17	NA	213	106	F	8	NA	NA	15.09.17	frozen	NA	L	NA	3.27	-31.53	8.83
LAN015	Langfjordvatn	Tana	Arctic	19.09.17	NA	255	197	M	12	NA	NA	19.09.17	frozen	NA	D	NA	3.3	-31.44	11.89
LAN016	Langfjordvatn	Tana	Arctic	09.09.17	NA	203	86	M	7	NA	NA	09.09.17	fresh	NA	P	NA	NA	NA	NA
LAN017	Langfjordvatn	Tana	Arctic	09.09.17	NA	150	34	F	7	NA	NA	09.09.17	fresh	minimum	P	P	NA	NA	NA
LAN018	Langfjordvatn	Tana	Arctic	17.09.17	NA	179	66	F	9	NA	NA	17.09.17	frozen	minimum	P	P	3.3	-31.23	8.67
LAN019	Langfjordvatn	Tana	Arctic	17.09.17	NA	194	94	F	6	NA	NA	17.09.17	frozen	NA	P	NA	NA	NA	NA
LAN020	Langfjordvatn	Tana	Arctic	09.01.18	NA	144	36	F	4	NA	NA	09.01.18	frozen	NA	P	NA	3.39	-32.05	10.51
LAN021	Langfjordvatn	Tana	Arctic	09.01.18	NA	145	32	M	4	NA	NA	09.01.18	frozen	NA	P	NA	3.19	-31.52	8.91
LAN022	Langfjordvatn	Tana	Arctic	17.09.17	NA	143	32	M	5	NA	NA	17.09.17	frozen	NA	P	NA	3.13	-31.83	9.87
LAN025	Langfjordvatn	Tana	Arctic	08.01.18	NA	144	31	F	5	NA	NA	08.01.18	frozen	NA	P	NA	NA	NA	NA
LAN026	Langfjordvatn	Tana	Arctic	15.01.18	NA	147	31	M	4	NA	NA	15.01.18	frozen	NA	P	NA	3.12	-31.62	9.69
LAN027	Langfjordvatn	Tana	Arctic	09.01.18	NA	147	33	M	5	NA	NA	09.01.18	frozen	NA	P	NA	3.33	-31.87	11.09
LAN029	Langfjordvatn	Tana	Arctic	17.09.17	NA	141	33	F	5	NA	NA	17.09.17	frozen	NA	P	NA	3.37	-32.15	10.57
LAN030	Langfjordvatn	Tana	Arctic	12.12.17	NA	141	29	M	7	NA	NA	12.12.17	frozen	NA	P	NA	3.29	-32.04	10.31
LAN031	Langfjordvatn	Tana	Arctic	05.12.17	NA	145	32	F	7	NA	NA	05.12.17	frozen	NA	P	NA	3.26	-31.85	10.83
LAN033	Langfjordvatn	Tana	Arctic	10.01.18	NA	124	34	F	4	NA	NA	10.01.18	frozen	NA	P	NA	3.29	-31.63	10.46
LAN034	Langfjordvatn	Tana	Arctic	11.01.18	NA	155	38	F	7	NA	NA	11.01.18	frozen	NA	P	NA	3.33	-30.92	8.78
LAN035	Langfjordvatn	Tana	Arctic	10.01.18	NA	140	26	M	8	NA	NA	10.01.18	frozen	minimum	P	P	3.29	-31.57	10.38
LAN038	Langfjordvatn	Tana	Arctic	09.09.17	NA	148	30	M	5	NA	NA	09.09.17	fresh	NA	P	NA	NA	NA	NA
LAN039	Langfjordvatn	Tana	Arctic	09.09.17	NA	133	26	M	4	NA	NA	09.09.17	fresh	minimum	P	P	NA	NA	NA
LAN040	Langfjordvatn	Tana	Arctic	09.09.17	NA	159	39	M	6	NA	NA	09.09.17	fresh	minimum	P	P	NA	NA	NA
LAN041	Langfjordvatn	Tana	Arctic	09.09.17	NA	137	28	M	4	NA	NA	09.09.17	fresh	minimum	P	P	NA	NA	NA
LAN042	Langfjordvatn	Tana	Arctic	14.09.17	NA	207	93	F	3	NA	NA	14.09.17	frozen	NA	L	NA	3.26	-29.64	8.83
LAN043	Langfjordvatn	Tana	Arctic	14.09.17	NA	257	183	F	12	NA	NA	14.09.17	frozen	NA	L	NA	3.09	-27.86	7.68
LAN044	Langfjordvatn	Tana	Arctic	15.09.17	NA	170	53	M	5	NA	NA	15.09.17	frozen	minimum	L	L	3.3	-30.72	8.6
LAN045	Langfjordvatn	Tana	Arctic	17.09.17	NA	188	72	F	7	NA	NA	17.09.17	frozen	NA	L	NA	3.26	-28.71	9.68
LAN046	Langfjordvatn	Tana	Arctic	15.09.17	NA	173	53	M	8	NA	NA	15.09.17	frozen	NA	L	NA	3.27	-28.22	8.22
LAN047	Langfjordvatn	Tana	Arctic	17.09.17	NA	205	93	M	8	NA	NA	17.09.17	frozen	NA	L	NA	3.29	-29.24	10.55
LAN048	Langfjordvatn	Tana	Arctic	15.09.17	NA	181	64	F	11	NA	NA	15.09.17	frozen	NA	L	NA	3.23	-30.72	9.83
LAN049	Langfjordvatn	Tana	Arctic	17.09.17	NA	167	55	F	5	NA	NA	17.09.17	frozen	minimum	L	L	3.38	-30.95	8.35
LAN050	Langfjordvatn	Tana	Arctic	14.09.17	NA	255	181	F	7	NA	NA	14.09.17	frozen	NA	L	NA	3.25	-28.78	9.94
LAN052	Langfjordvatn	Tana	Arctic	09.09.17	NA	151	32	F	5	NA	NA	09.09.17	fresh	NA	P	NA	NA	NA	NA
LAN053	Langfjordvatn	Tana	Arctic	15.09.17	NA	209	96	M	8	NA	NA	15.09.17	frozen	NA	L	NA	3.24	-32.48	10.12
LAN058	Langfjordvatn	Tana	Arctic	10.01.18	NA	147	32	M	3	NA	NA	10.01.18	frozen	NA	P	NA	3.27	-31.93	10.7
LAN059	Langfjordvatn	Tana	Arctic	10.09.17	NA	266	226	M	11	NA	NA	10.09.17	fresh	minimum	D	D	NA	NA	NA
LAN060	Langfjordvatn	Tana	Arctic	10.09.17	NA	219	129	M	11	NA	NA	10.09.17	fresh	NA	D	NA	NA	NA	NA
LAN061	Langfjordvatn	Tana	Arctic	10.09.17	NA	188	64	F	9	NA	NA	10.09.17	fresh	NA	D	NA	NA	NA	NA
LAN062	Langfjordvatn	Tana	Arctic	14.09.17	NA	206	123	M	6	NA	NA	14.09.17	frozen	NA	L	NA	3.43	-31.08	8.38
LAN063	Langfjordvatn	Tana	Arctic	14.09.17	NA	239	145	F	5	NA	NA	14.09.17	frozen	NA	L	NA	3.2	-29.4	9.57
LAN064	Langfjordvatn	Tana	Arctic	14.09.17	NA	254	195	F	12	NA	NA	14.09.17	frozen	NA	L	NA	3.37	-25.59	8.39
LAN065	Langfjordvatn	Tana	Arctic	15.09.17	NA	252	182	F	8	NA	NA	15.09.17	frozen	NA	L	NA	3.34	-27.15	9.01
LAN066	Langfjordvatn	Tana	Arctic	15.09.17	NA	194	83	M	9	NA	NA	15.09.17	frozen	NA	L	NA	3.21	-25.74	9.16
LAN067	Langfjordvatn	Tana	Arctic	15.09.17	NA	208	104	F	7	NA	NA	15.09.17	frozen	NA	L	NA	3.31	-30.27	9.37
LAN069	Langfjordvatn	Tana	Arctic	14.09.17	NA	216	121	F	5	NA	NA	14.09.17	frozen	NA	L	NA	3.31	-31.3	8.42
LAN070	Langfjordvatn	Tana	Arctic	15.09.17	NA	183	59	F	9	NA	NA	15.09.17	frozen	NA	L	NA	3.25	-31.21	9.67
LAN071	Langfjordvatn	Tana	Arctic	14.09.17	NA	200	89	M	7	NA	NA	14.09.17	frozen	NA	L	NA	3.32	-30.59	9.95
LAN072	Langfjordvatn	Tana	Arctic	10.09.17	NA	245	171	M	16	NA	NA	10.09.17	fresh	minimum	D	D	NA	NA	NA
LAN073	Langfjordvatn	Tana	Arctic	10.09.17	NA	198	85	F	8	NA	NA	10.09.17	fresh	minimum	L	L	NA	NA	NA
LAN074	Langfjordvatn	Tana	Arctic	10.09.17	NA	233	151	M	13	NA	NA	10.09.17	fresh	NA	D	NA	NA	NA	NA
LAN086	Langfjordvatn	Tana	Arctic	11.09.17	NA	173	55	F	14	NA	NA	11.09.17	fresh	NA	D	NA	NA	NA	NA
LAN087	Langfjordvatn	Tana	Arctic	11.09.17	NA	229	136	M	14	NA	NA	11.09.17	fresh	NA	D	NA	NA	NA	NA
LAN088	Langfjordvatn	Tana	Arctic	11.09.17	NA	193	77	F	10	NA	NA	11.09.17	fresh	NA	D	NA	NA	NA	NA
LAN089	Langfjordvatn	Tana	Arctic	11.09.17	NA	212	106	M	11	NA	NA	11.09.17	fresh	NA	D	NA	NA	NA	NA
LAN090	Langfjordvatn	Tana	Arctic	11.09.17	NA	203	85	M	13	NA	NA	11.09.17	fresh	minimum	D	D	NA	NA	NA
LAN091	Langfjordvatn	Tana	Arctic	19.09.17	NA	179	65	F	7	NA	NA	19.09.17	frozen	NA	D	NA	3.28	-29.73	9.41
LAN092	Langfjordvatn	Tana	Arctic	18.09.17	NA	212	105	M	9	NA	NA	18.09.17	frozen	NA	D	NA	3.2	-28.48	10.02
LAN093	Langfjordvatn	Tana	Arctic	19.09.17	NA	177	62	M	10	NA	NA	19.09.17	frozen	NA	D	NA	3.26	-31.26	10.84
LAN094	Langfjordvatn	Tana	Arctic	19.09.17	NA	169	51	F	7	NA	NA	19.09.17	frozen	NA	D	NA	3.36	-30.99	11.17
LAN095	Langfjordvatn	Tana	Arctic	18.09.17	NA	198	86	M	9	NA	NA	18.09.17	frozen	NA	D	NA	3.43	-31.41	11.34
LAN096	Langfjordvatn	Tana	Arctic	18.09.17	NA	170	50	M	7	NA	NA	18.09.17	frozen	NA	D	NA	3.37	-32.05	9.14
LAN097	Langfjordvatn	Tana	Arctic	18.09.17	NA	176	62	M	8	NA	NA	18.09.17	frozen	NA	D	NA	3.33	-30.38	9.78
LAN098	Langfjordvatn	Tana	Arctic	18.09.17	NA	220	118	M	8	NA	NA	18.09.17	frozen	NA	D	NA	3.32	-31.19	9.23
LAN099	Langfjordvatn	Tana	Arctic	18.09.17	NA	247	185	M	11	NA	NA	18.09.17	frozen	NA	D	NA	3.4	-30.92	10.05
LAN102	Langfjordvatn	Tana	Arctic	18.09.17	NA	225	127	M	8	NA	NA	18.09.17	frozen	NA	D	NA	3.3	-31.53	9.19
LAN103	Langfjordvatn	Tana	Arctic	19.09.17	NA	220	125	F	8	NA	NA	19.09.17	frozen	NA	D	NA	3.32	-32.86	11.46
LAN104	Langfjordvatn	Tana	Arctic	18.09.17	NA	204	84	M	8	NA	NA	18.09.17	frozen	NA	D	NA	3.22	-22.44	8.65
LAN105	Langfjordvatn	Tana	Arctic	18.09.17	NA	187	69	M	7	NA	NA	18.09.17	frozen	NA	D	NA	3.32	-31.53	10.22
LAN111	Langfjordvatn	Tana	Arctic	11.09.17	NA	215	102	M	3	NA	NA	11.09.17	fresh	minimum	L	L	NA	NA	NA
LAN113	Langfjordvatn	Tana	Arctic	11.09.17	NA	183	63	M	7	NA	NA	11.09.17	fresh	minimum	L	L	NA	NA	NA
LAN114	Langfjordvatn	Tana	Arctic	19.09.17	NA	170	57	NA	7	NA	NA	19.09.17	frozen	NA	D	D	3.21	-30.81	8.93
LAN115	Langfjordvatn	Tana	Arctic	19.09.17	NA	175	57	NA	8	NA	NA	19.09.17	frozen	NA	D	D	3.23	-24.91	8.59
LAN116	Langfjordvatn	Tana	Arctic	19.09.17	NA	168	57	M	7	NA	NA	19.09.17	frozen	NA	D	NA	3.3	-29.09	11.27
LAN117	Langfjordvatn	Tana	Arctic	19.09.17	NA	169	50	F	6	NA	NA	19.09.17	frozen	NA	D	NA	3.26	-27.01	9.3
LAN119	Langfjordvatn	Tana	Arctic	24.09.17	NA	225	125	M	12	NA	NA	24.09.17	frozen	NA	D	NA	3.35	-27.94	8.51
LAN121	Langfjordvatn	Tana	Arctic	24.09.17	NA	183	65	M	6	NA	NA	24.09.17	frozen	NA	D	NA	3.27	-29.07	9.3
LAN122	Langfjordvatn	Tana	Arctic	24.09.17	NA	210	107	F	8	NA	NA	24.09.17	frozen	NA	D	NA	3.27	-30.71	11.95
LAN123	Langfjordvatn	Tana	Arctic	24.09.17	NA	194	84	M	7	NA	NA	24.09.17	frozen	NA	D	NA	3.27	-26.06	9.31
LAN130	Langfjordvatn	Tana	Arctic	12.09.17	NA	213	106	M	4	NA	NA	12.09.17	fresh	NA	L	NA	NA	NA	NA
LAN131	Langfjordvatn	Tana	Arctic	12.09.17	NA	219	108	F	6	NA	NA	12.09.17	fresh	NA	L	NA	NA	NA	NA
LAN132	Langfjordvatn	Tana	Arctic	12.09.17	NA	182	67	M	5	NA	NA	12.09.17	fresh	NA	L	NA	NA	NA	NA
LAN133	Langfjordvatn	Tana	Arctic	12.09.17	NA	186	71	F	7	NA	NA	12.09.17	fresh	NA	L	NA	NA	NA	NA
LAN134	Langfjordvatn	Tana	Arctic	12.09.17	NA	186	65	F	7	NA	NA	12.09.17	fresh	NA	L	NA	NA	NA	NA
LAN135	Langfjordvatn	Tana	Arctic	12.09.17	NA	175	59	F	7	NA	NA	12.09.17	fresh	NA	L	NA	NA	NA	NA
SUO001	Suopatjavri	Kautokeinoelva	Arctic	02.09.17	NA	240	132	F	4	NA	NA	02.09.17	fresh	NA	L	NA	NA	NA	NA
SUO002	Suopatjavri	Kautokeinoelva	Arctic	03.09.17	NA	200	90	NA	3	NA	NA	03.09.17	fresh	minimum	L	L	NA	NA	NA
SUO003	Suopatjavri	Kautokeinoelva	Arctic	03.09.17	NA	250	165	M	7	NA	NA	03.09.17	fresh	NA	L	NA	NA	NA	NA
SUO004	Suopatjavri	Kautokeinoelva	Arctic	03.09.17	NA	291	248	F	6	NA	NA	03.09.17	fresh	minimum	L	L	NA	NA	NA
SUO005	Suopatjavri	Kautokeinoelva	Arctic	03.09.17	NA	244	150	M	5	NA	NA	03.09.17	fresh	NA	L	NA	NA	NA	NA
SUO006	Suopatjavri	Kautokeinoelva	Arctic	28.09.17	NA	257	127	M	5	NA	NA	28.09.17	frozen	NA	L	NA	3.26	-22.27	7.9
SUO009	Suopatjavri	Kautokeinoelva	Arctic	27.09.17	NA	279	213	F	7	NA	NA	27.09.17	frozen	NA	L	NA	3.25	-26.95	8.56
SUO011	Suopatjavri	Kautokeinoelva	Arctic	27.09.17	NA	288	290	M	4	NA	NA	27.09.17	frozen	NA	L	NA	3.27	-20.22	7.08
SUO012	Suopatjavri	Kautokeinoelva	Arctic	28.09.17	NA	218	108	F	4	NA	NA	28.09.17	frozen	NA	L	NA	3.08	-25.95	8.32
SUO016	Suopatjavri	Kautokeinoelva	Arctic	28.09.17	NA	184	63	F	3	NA	NA	28.09.17	frozen	NA	L	NA	3.08	-20.43	6.95
SUO019	Suopatjavri	Kautokeinoelva	Arctic	27.09.17	NA	248	173	NA	5	NA	NA	27.09.17	frozen	NA	L	L	3.07	-26.52	8.48
SUO020	Suopatjavri	Kautokeinoelva	Arctic	28.09.17	NA	228	129	M	4	NA	NA	28.09.17	frozen	NA	L	NA	3.08	-20.1	7.28
SUO022	Suopatjavri	Kautokeinoelva	Arctic	28.09.17	NA	212	97	M	4	NA	NA	28.09.17	frozen	NA	L	NA	3.07	-30.73	7.67
SUO023	Suopatjavri	Kautokeinoelva	Arctic	29.09.17	NA	222	110	M	4	NA	NA	29.09.17	frozen	minimum	L	L	3.08	-22.83	7.58
SUO027	Suopatjavri	Kautokeinoelva	Arctic	28.09.17	NA	243	147	F	7	NA	NA	28.09.17	frozen	NA	L	NA	3.06	-26.73	8.58
SUO030	Suopatjavri	Kautokeinoelva	Arctic	03.09.17	NA	218	78	NA	6	NA	NA	03.09.17	fresh	NA	P	P	NA	NA	NA
SUO031	Suopatjavri	Kautokeinoelva	Arctic	03.09.17	NA	218	111	M	5	NA	NA	03.09.17	fresh	minimum	L	L	NA	NA	NA
SUO034	Suopatjavri	Kautokeinoelva	Arctic	04.09.17	NA	215	78	M	5	NA	NA	04.09.17	fresh	NA	P	NA	NA	NA	NA
SUO035	Suopatjavri	Kautokeinoelva	Arctic	04.09.17	NA	185	54	M	3	NA	NA	04.09.17	fresh	minimum	P	P	NA	NA	NA
SUO036	Suopatjavri	Kautokeinoelva	Arctic	04.09.17	NA	186	56	F	4	NA	NA	04.09.17	fresh	minimum	P	P	NA	NA	NA
SUO037	Suopatjavri	Kautokeinoelva	Arctic	30.09.17	NA	185	57	M	4	NA	NA	30.09.17	frozen	NA	P	NA	3.03	-29.2	8.54
SUO038	Suopatjavri	Kautokeinoelva	Arctic	30.09.17	NA	185	55	F	3	NA	NA	30.09.17	frozen	NA	P	NA	3.05	-29.3	8.42
SUO041	Suopatjavri	Kautokeinoelva	Arctic	30.09.17	NA	189	58	F	4	NA	NA	30.09.17	frozen	NA	P	NA	3.03	-29.34	8.43
SUO043	Suopatjavri	Kautokeinoelva	Arctic	30.09.17	NA	182	50	M	NA	NA	NA	30.09.17	frozen	NA	P	NA	3.04	-29.17	8.67
SUO047	Suopatjavri	Kautokeinoelva	Arctic	04.09.17	NA	214	78	M	5	NA	NA	04.09.17	fresh	NA	P	NA	NA	NA	NA
SUO048	Suopatjavri	Kautokeinoelva	Arctic	04.09.17	NA	211	75	F	5	NA	NA	04.09.17	fresh	minimum	P	P	NA	NA	NA
SUO049	Suopatjavri	Kautokeinoelva	Arctic	01.10.17	NA	194	68	M	4	NA	NA	01.10.17	frozen	NA	P	NA	3.09	-29.34	8.49
SUO053	Suopatjavri	Kautokeinoelva	Arctic	01.10.17	NA	188	65	M	4	NA	NA	01.10.17	frozen	NA	P	NA	2.99	-29.38	8.84
SUO056	Suopatjavri	Kautokeinoelva	Arctic	01.10.17	NA	194	64	M	4	NA	NA	01.10.17	frozen	NA	P	NA	3.05	-29.07	8
SUO058	Suopatjavri	Kautokeinoelva	Arctic	01.10.17	NA	190	64	M	4	NA	NA	01.10.17	frozen	NA	P	NA	3.02	-29.25	8.76
SUO059	Suopatjavri	Kautokeinoelva	Arctic	04.09.17	NA	190	67	F	4	NA	NA	04.09.17	fresh	NA	P	NA	NA	NA	NA
SUO060	Suopatjavri	Kautokeinoelva	Arctic	04.09.17	NA	291	276	F	8	NA	NA	04.09.17	fresh	NA	D	NA	NA	NA	NA
SUO061	Suopatjavri	Kautokeinoelva	Arctic	04.09.17	NA	216	105	F	4	NA	NA	04.09.17	fresh	NA	D	NA	NA	NA	NA
SUO066	Suopatjavri	Kautokeinoelva	Arctic	01.10.17	NA	193	66	M	4	NA	NA	01.10.17	frozen	NA	P	NA	3.02	-29.29	8.75
SUO067	Suopatjavri	Kautokeinoelva	Arctic	01.10.17	NA	185	58	F	3	NA	NA	01.10.17	frozen	NA	P	NA	3.07	-29.35	8.37
SUO068	Suopatjavri	Kautokeinoelva	Arctic	01.10.17	NA	193	66	M	4	NA	NA	01.10.17	frozen	NA	P	NA	3.03	-29.39	8.21
SUO073	Suopatjavri	Kautokeinoelva	Arctic	01.10.17	NA	179	53	M	4	NA	NA	01.10.17	frozen	minimum	P	P	3.06	-29.51	8.33
SUO075	Suopatjavri	Kautokeinoelva	Arctic	27.09.17	NA	233	123	F	5	NA	NA	27.09.17	frozen	NA	L	NA	3.08	-20.52	7.25
SUO076	Suopatjavri	Kautokeinoelva	Arctic	27.09.17	NA	230	128	M	5	NA	NA	27.09.17	frozen	NA	L	NA	3.05	-18.56	7.14
SUO077	Suopatjavri	Kautokeinoelva	Arctic	29.09.17	NA	209	92	F	5	NA	NA	29.09.17	frozen	NA	L	NA	3.1	-24.15	8.1
SUO078	Suopatjavri	Kautokeinoelva	Arctic	29.09.17	NA	207	86	M	4	NA	NA	29.09.17	frozen	NA	L	NA	3.05	-25.69	7.97
SUO079	Suopatjavri	Kautokeinoelva	Arctic	27.09.17	NA	238	127	F	4	NA	NA	27.09.17	frozen	NA	L	NA	3.04	-24.49	7.43
SUO080	Suopatjavri	Kautokeinoelva	Arctic	28.09.17	NA	230	135	F	5	NA	NA	28.09.17	frozen	NA	L	NA	3.05	-22.56	7.23
SUO081	Suopatjavri	Kautokeinoelva	Arctic	29.09.17	NA	231	118	M	5	NA	NA	29.09.17	frozen	NA	L	NA	NA	NA	NA
SUO082	Suopatjavri	Kautokeinoelva	Arctic	29.09.17	NA	221	104	F	6	NA	NA	29.09.17	frozen	NA	L	NA	3.08	-23.93	7.99
SUO083	Suopatjavri	Kautokeinoelva	Arctic	25.09.17	NA	252	167	F	8	NA	NA	25.09.17	frozen	NA	D	NA	3.08	-28.33	8.17
SUO084	Suopatjavri	Kautokeinoelva	Arctic	25.09.17	NA	214	96	M	5	NA	NA	25.09.17	frozen	NA	D	NA	3.12	-29.75	9.35
SUO085	Suopatjavri	Kautokeinoelva	Arctic	24.09.17	NA	243	161	F	6	NA	NA	24.09.17	frozen	NA	D	NA	3.12	-32.37	8.86
SUO086	Suopatjavri	Kautokeinoelva	Arctic	24.09.17	NA	237	140	F	7	NA	NA	24.09.17	frozen	NA	D	NA	3.12	-33.18	7.67
SUO087	Suopatjavri	Kautokeinoelva	Arctic	25.09.17	NA	250	179	F	8	NA	NA	25.09.17	frozen	NA	D	NA	3.11	-29.41	8.81
SUO088	Suopatjavri	Kautokeinoelva	Arctic	25.09.17	NA	230	120	M	4	NA	NA	25.09.17	frozen	NA	D	NA	3.13	-32.69	8.13
SUO089	Suopatjavri	Kautokeinoelva	Arctic	29.09.17	NA	223	82	M	6	NA	NA	29.09.17	frozen	NA	P	NA	3.05	-29.56	8.96
SUO090	Suopatjavri	Kautokeinoelva	Arctic	30.09.17	NA	192	66	F	4	NA	NA	30.09.17	frozen	NA	P	NA	3.07	-29.63	8.72
SUO091	Suopatjavri	Kautokeinoelva	Arctic	01.10.17	NA	203	71	M	4	NA	NA	01.10.17	frozen	NA	P	NA	3.07	-29.2	8.72
SUO092	Suopatjavri	Kautokeinoelva	Arctic	30.09.17	NA	225	71	F	5	NA	NA	30.09.17	frozen	NA	P	NA	3.05	-30.17	8.75
SUO093	Suopatjavri	Kautokeinoelva	Arctic	01.10.17	NA	215	81	M	5	NA	NA	01.10.17	frozen	NA	P	NA	3.09	-29.13	8.58
SUO094	Suopatjavri	Kautokeinoelva	Arctic	30.09.17	NA	203	78	M	5	NA	NA	30.09.17	frozen	NA	P	NA	3.05	-29.36	9.09
SUO095	Suopatjavri	Kautokeinoelva	Arctic	30.09.17	NA	191	67	F	4	NA	NA	30.09.17	frozen	NA	P	NA	3.08	-29.35	8.6
SUO096	Suopatjavri	Kautokeinoelva	Arctic	23.11.17	NA	190	61	M	5	NA	NA	23.11.17	frozen	NA	P	NA	3.06	-29.6	8.85
SUO097	Suopatjavri	Kautokeinoelva	Arctic	01.10.17	NA	201	75	M	5	NA	NA	01.10.17	frozen	NA	P	NA	3.09	-29.35	8.91
SUO098	Suopatjavri	Kautokeinoelva	Arctic	02.11.17	NA	193	62	M	5	NA	NA	02.11.17	frozen	NA	P	NA	3.09	-29.57	8.82
SUO099	Suopatjavri	Kautokeinoelva	Arctic	05.09.17	NA	228	125	F	7	NA	NA	05.09.17	fresh	NA	D	NA	NA	NA	NA
SUO100	Suopatjavri	Kautokeinoelva	Arctic	05.09.17	NA	197	80	M	4	NA	NA	05.09.17	fresh	NA	D	NA	NA	NA	NA
SUO101	Suopatjavri	Kautokeinoelva	Arctic	05.09.17	NA	304	370	M	14	NA	NA	05.09.17	fresh	NA	D	NA	NA	NA	NA
SUO102	Suopatjavri	Kautokeinoelva	Arctic	29.09.17	NA	236	95	M	7	NA	NA	29.09.17	frozen	minimum	P	P	3.07	-29.51	9.02
SUO103	Suopatjavri	Kautokeinoelva	Arctic	05.09.17	NA	241	154	F	7	NA	NA	05.09.17	fresh	NA	D	NA	NA	NA	NA
SUO104	Suopatjavri	Kautokeinoelva	Arctic	25.09.17	NA	278	247	M	6	NA	NA	25.09.17	frozen	NA	D	NA	3.12	-27.82	7.48
SUO105	Suopatjavri	Kautokeinoelva	Arctic	26.09.17	NA	201	83	M	3	NA	NA	26.09.17	frozen	NA	D	NA	3.17	-32.37	8.22
SUO106	Suopatjavri	Kautokeinoelva	Arctic	26.09.17	NA	215	121	F	7	NA	NA	26.09.17	frozen	NA	D	NA	3.31	-32.29	9.28
SUO107	Suopatjavri	Kautokeinoelva	Arctic	26.09.17	NA	198	76	M	4	NA	NA	26.09.17	frozen	NA	D	NA	3.15	-31.39	8.72
SUO108	Suopatjavri	Kautokeinoelva	Arctic	25.09.17	NA	213	105	F	NA	NA	NA	25.09.17	frozen	NA	D	NA	3.06	-29.29	8.64
SUO109	Suopatjavri	Kautokeinoelva	Arctic	26.09.17	NA	177	55	NA	4	NA	NA	26.09.17	frozen	NA	D	D	3.08	-31.96	8.38
SUO110	Suopatjavri	Kautokeinoelva	Arctic	25.09.17	NA	229	130	M	5	NA	NA	25.09.17	frozen	NA	D	NA	3.13	-24.03	8.11
SUO111	Suopatjavri	Kautokeinoelva	Arctic	25.09.17	NA	243	157	M	6	NA	NA	25.09.17	frozen	NA	D	NA	3.12	-31.8	8.92
SUO112	Suopatjavri	Kautokeinoelva	Arctic	26.09.17	NA	184	60	M	4	NA	NA	26.09.17	frozen	NA	D	NA	3.17	-33.15	8.12
SUO113	Suopatjavri	Kautokeinoelva	Arctic	26.09.17	NA	338	489	M	10	NA	NA	26.09.17	frozen	NA	D	NA	3.41	-32.31	9.36
SUO114	Suopatjavri	Kautokeinoelva	Arctic	05.09.17	NA	225	117	F	7	NA	NA	05.09.17	fresh	NA	D	NA	NA	NA	NA
SUO115	Suopatjavri	Kautokeinoelva	Arctic	27.09.17	NA	177	62	M	4	NA	NA	27.09.17	frozen	NA	D	NA	3.31	-32.12	8.31
SUO116	Suopatjavri	Kautokeinoelva	Arctic	06.09.17	NA	224	125	M	4	NA	NA	06.09.17	fresh	minimum	L	L	NA	NA	NA
SUO117	Suopatjavri	Kautokeinoelva	Arctic	06.09.17	NA	220	118	M	5	NA	NA	06.09.17	fresh	minimum	L	L	NA	NA	NA
SUO118	Suopatjavri	Kautokeinoelva	Arctic	06.09.17	NA	206	89	M	4	NA	NA	06.09.17	fresh	NA	L	NA	NA	NA	NA
SUO119	Suopatjavri	Kautokeinoelva	Arctic	06.09.17	NA	235	145	M	4	NA	NA	06.09.17	fresh	NA	D	NA	NA	NA	NA
SUO120	Suopatjavri	Kautokeinoelva	Arctic	06.09.17	NA	255	169	F	6	NA	NA	06.09.17	fresh	NA	D	NA	NA	NA	NA
SUO121	Suopatjavri	Kautokeinoelva	Arctic	06.09.17	NA	320	490	M	12	NA	NA	06.09.17	fresh	NA	D	NA	NA	NA	NA
SUO122	Suopatjavri	Kautokeinoelva	Arctic	06.09.17	NA	207	93	M	4	NA	NA	06.09.17	fresh	NA	D	NA	NA	NA	NA
SUO124	Suopatjavri	Kautokeinoelva	Arctic	07.09.17	NA	281	262	F	8	NA	NA	07.09.17	frozen	NA	L	NA	NA	NA	NA
SUO125	Suopatjavri	Kautokeinoelva	Arctic	07.09.17	NA	237	135	M	5	NA	NA	07.09.17	fresh	NA	L	NA	NA	NA	NA
SUO126	Suopatjavri	Kautokeinoelva	Arctic	07.09.17	NA	230	114	F	4	NA	NA	07.09.17	fresh	minimum	L	L	NA	NA	NA
SUO127	Suopatjavri	Kautokeinoelva	Arctic	07.09.17	NA	209	95	M	4	NA	NA	07.09.17	fresh	NA	L	NA	NA	NA	NA
